#{"t_start": 1704580783.4007254, "env_id": "None"}
r,l,t
0.0,152,28.958077
1.0,152,28.958077
0.0,152,28.958077
2.0,152,28.958077
0.0,152,28.958077
0.0,152,28.958077
0.0,152,28.958077
0.0,152,28.958077
0.0,152,28.958077
0.0,152,28.958077
1.0,152,28.958077
0.0,152,28.958077
0.0,152,28.958077
1.0,152,28.958077
0.0,152,28.958077
0.0,152,28.958077
1.0,152,28.958077
0.0,152,28.958077
0.0,152,28.958077
0.0,152,28.958077
2.0,152,28.958077
1.0,152,28.958077
0.0,152,28.958077
1.0,152,28.958077
2.0,160,30.383307
1.0,160,30.383307
0.0,160,30.383307
0.0,160,30.383307
1.0,168,31.828635
1.0,168,31.828635
1.0,168,31.828635
0.0,168,31.828635
0.0,152,56.530636
0.0,152,56.530636
1.0,152,56.530636
0.0,152,56.530636
0.0,152,56.535429
0.0,152,56.535429
0.0,152,56.535429
0.0,152,56.535429
1.0,152,56.535429
1.0,152,56.535429
0.0,152,56.535429
1.0,152,56.535429
0.0,152,56.535429
0.0,152,56.535429
0.0,152,56.535429
0.0,152,56.535429
0.0,152,56.535429
0.0,152,56.535429
0.0,152,56.535429
0.0,152,56.535429
0.0,152,56.535429
0.0,152,56.535429
0.0,152,56.535429
1.0,152,56.535429
0.0,160,59.496204
0.0,160,59.496204
1.0,160,59.496204
1.0,160,59.496204
0.0,152,59.496204
0.0,152,59.496204
0.0,152,59.496204
0.0,152,59.496204
0.0,152,84.869612
0.0,152,84.869612
0.0,152,84.869612
0.0,152,84.869612
0.0,152,84.869612
0.0,152,84.869612
2.0,152,84.869612
0.0,152,84.869612
0.0,152,84.869612
0.0,152,84.869612
0.0,152,84.869612
1.0,152,84.869612
0.0,152,84.869612
0.0,152,84.869612
0.0,152,84.869612
0.0,152,84.869612
0.0,152,84.869612
0.0,152,84.869612
0.0,152,84.869612
0.0,152,84.869612
0.0,152,84.869612
0.0,152,84.869612
2.0,152,84.869612
0.0,152,84.869612
1.0,152,87.912434
0.0,152,87.912434
0.0,152,87.912434
0.0,152,87.912434
0.0,152,87.912434
1.0,152,87.912434
4.0,152,87.912434
0.0,152,87.912434
0.0,152,113.693411
1.0,152,113.693411
0.0,152,113.693411
0.0,152,113.693411
1.0,152,113.693411
0.0,152,113.693411
0.0,152,113.693411
1.0,152,113.693411
1.0,152,113.693411
0.0,152,113.693411
0.0,152,113.693411
0.0,152,113.693411
0.0,152,113.693411
0.0,152,113.693411
0.0,152,113.693411
0.0,152,113.693411
0.0,152,113.694433
0.0,152,113.694433
0.0,152,113.694433
0.0,152,113.694433
0.0,152,113.694433
0.0,152,113.694433
0.0,152,113.694433
0.0,152,113.694433
0.0,152,116.671654
0.0,152,116.671654
0.0,152,116.671654
0.0,152,116.672654
0.0,160,118.199125
0.0,160,118.199125
0.0,160,118.199125
3.0,160,118.199125
0.0,152,141.906134
1.0,152,141.906134
0.0,152,141.906134
0.0,152,141.906134
0.0,152,141.906134
0.0,152,141.906134
0.0,152,141.906134
0.0,152,141.906134
0.0,152,141.906134
0.0,152,141.906134
0.0,152,141.906134
0.0,152,141.906134
0.0,152,141.906134
0.0,152,141.906134
0.0,152,141.906134
0.0,152,141.906134
0.0,152,141.906134
0.0,152,141.906134
0.0,152,141.906134
0.0,152,141.906134
1.0,160,143.27375
0.0,160,143.27375
1.0,160,143.27375
0.0,160,143.27375
0.0,152,144.685532
0.0,152,144.685532
0.0,152,144.685532
0.0,152,144.685532
0.0,152,146.150034
0.0,152,146.150034
0.0,152,146.150034
0.0,152,146.150034
0.0,152,169.547242
1.0,152,169.547242
0.0,152,169.547242
0.0,152,169.547242
0.0,152,169.548242
0.0,152,169.548242
0.0,152,169.548242
0.0,152,169.548242
1.0,152,169.548242
1.0,152,169.548242
0.0,152,169.548242
0.0,152,169.548242
0.0,152,169.548242
0.0,152,169.548242
0.0,152,169.548242
1.0,152,169.548242
0.0,152,171.025115
2.0,152,171.025115
0.0,152,171.025115
0.0,152,171.025115
0.0,152,172.579509
0.0,152,172.579509
0.0,152,172.579509
0.0,152,172.579509
0.0,168,172.579509
1.0,168,172.579509
0.0,168,172.579509
1.0,168,172.579509
2.0,160,175.666657
1.0,160,175.666657
1.0,160,175.666657
0.0,160,175.666657
0.0,152,198.131967
0.0,152,198.131967
3.0,152,198.131967
0.0,152,198.131967
0.0,152,198.131967
0.0,152,198.131967
0.0,152,198.131967
0.0,152,198.131967
0.0,152,198.131967
0.0,152,198.131967
0.0,152,198.131967
0.0,152,198.131967
0.0,152,199.555105
1.0,152,199.555105
0.0,152,199.555105
0.0,152,199.556105
0.0,160,199.556105
1.0,160,199.556105
1.0,160,199.556105
0.0,160,199.556105
0.0,152,200.987195
0.0,152,200.987195
1.0,152,200.987195
0.0,152,200.987195
0.0,160,202.40741
0.0,160,202.40741
0.0,160,202.40741
1.0,160,202.40741
1.0,152,203.864305
0.0,152,203.864305
0.0,152,203.864305
0.0,152,203.864305
0.0,152,225.880568
1.0,152,225.881569
0.0,152,225.881569
0.0,152,225.881569
0.0,152,225.881569
0.0,152,225.881569
1.0,152,225.881569
0.0,152,225.881569
0.0,152,225.881569
0.0,152,225.881569
0.0,152,225.881569
0.0,152,225.881569
0.0,152,227.349054
0.0,152,227.349054
0.0,152,227.349054
0.0,152,227.349054
0.0,152,227.349054
0.0,152,227.349054
0.0,152,227.349054
0.0,152,227.349054
0.0,152,228.869918
0.0,152,228.869918
0.0,152,228.869918
0.0,152,228.869918
0.0,160,231.785688
0.0,160,231.786687
0.0,160,231.786687
1.0,160,231.786687
1.0,160,233.233479
0.0,160,233.233479
0.0,160,233.233479
1.0,160,233.233479
0.0,152,253.42267
0.0,152,253.42267
1.0,152,253.42267
0.0,152,253.42267
0.0,152,253.42267
0.0,152,253.42267
1.0,152,253.42267
0.0,152,253.42267
1.0,152,254.822794
1.0,152,254.822794
0.0,152,254.822794
0.0,152,254.822794
0.0,160,254.822794
1.0,160,254.822794
0.0,160,254.822794
0.0,160,254.822794
0.0,152,254.822794
0.0,152,254.822794
0.0,152,254.822794
0.0,152,254.822794
0.0,152,256.292342
0.0,152,256.292342
0.0,152,256.292342
0.0,152,256.292342
0.0,152,259.296232
0.0,152,259.296232
2.0,152,259.296232
0.0,152,259.296232
0.0,152,260.822121
0.0,152,260.822121
0.0,152,260.822121
0.0,152,260.822121
0.0,152,281.078684
0.0,152,281.078684
0.0,152,281.078684
0.0,152,281.078684
1.0,152,282.460299
0.0,152,282.460299
0.0,152,282.460299
1.0,152,282.460299
0.0,160,282.460299
0.0,160,282.460299
0.0,160,282.460299
1.0,160,282.460299
2.0,152,282.460299
0.0,152,282.460299
0.0,152,282.460299
0.0,152,282.460299
0.0,152,283.855497
0.0,152,283.855497
0.0,152,283.855497
0.0,152,283.855497
1.0,168,285.255172
0.0,168,285.255172
0.0,168,285.255172
1.0,168,285.255172
0.0,152,286.666066
0.0,152,286.666066
0.0,152,286.666066
0.0,152,286.666066
0.0,152,288.151959
0.0,152,288.151959
0.0,152,288.151959
0.0,152,288.151959
0.0,152,309.372125
0.0,152,309.372125
0.0,152,309.372125
0.0,152,309.372125
0.0,152,309.372125
0.0,152,309.372125
0.0,152,309.372125
0.0,152,309.372125
0.0,152,309.372125
0.0,152,309.372125
0.0,152,309.372125
0.0,152,309.372125
0.0,152,310.743763
0.0,152,310.743763
1.0,152,310.743763
0.0,152,310.743763
0.0,152,313.50377
0.0,152,313.50377
0.0,152,313.50377
0.0,152,313.50377
0.0,160,313.50377
1.0,160,313.50377
0.0,160,313.50377
0.0,160,313.50377
2.0,184,313.50377
1.0,184,313.50377
0.0,184,313.50377
3.0,184,313.50377
0.0,160,316.292271
0.0,160,316.292271
0.0,160,316.292271
1.0,160,316.292271
0.0,152,337.493069
0.0,152,337.493069
1.0,152,337.493069
0.0,152,337.493069
0.0,152,337.493069
1.0,152,337.493069
0.0,152,337.493069
0.0,152,337.493069
1.0,152,337.493069
1.0,152,337.493069
0.0,152,337.493069
0.0,152,337.493069
0.0,152,338.985672
0.0,152,338.986672
0.0,152,338.986672
0.0,152,338.986672
1.0,152,342.054001
0.0,152,342.054001
0.0,152,342.054001
0.0,152,342.054001
0.0,152,342.054001
0.0,152,342.054001
0.0,152,342.054001
0.0,152,342.054001
0.0,160,343.53425
1.0,160,343.53425
0.0,160,343.53425
0.0,160,343.53425
2.0,152,345.033767
0.0,152,345.033767
0.0,152,345.033767
0.0,152,345.033767
0.0,152,366.216319
1.0,152,366.216319
0.0,152,366.216319
0.0,152,366.216319
0.0,152,366.216319
2.0,152,366.216319
0.0,152,366.216319
0.0,152,366.216319
0.0,160,367.744658
1.0,160,367.744658
0.0,160,367.744658
0.0,160,367.744658
1.0,168,370.747288
1.0,168,370.747288
0.0,168,370.747288
1.0,168,370.747288
0.0,152,370.747288
0.0,152,370.747288
0.0,152,370.747288
0.0,152,370.747288
1.0,160,372.197811
0.0,160,372.197811
0.0,160,372.197811
1.0,160,372.197811
1.0,160,373.666098
0.0,160,373.666098
1.0,160,373.666098
0.0,160,373.666098
1.0,160,375.165061
0.0,160,375.165061
0.0,160,375.165061
0.0,160,375.165061
0.0,152,429.673947
1.0,152,429.673947
0.0,152,429.673947
0.0,152,429.673947
0.0,152,429.673947
0.0,152,429.673947
0.0,152,429.673947
0.0,152,429.673947
1.0,152,431.121433
0.0,152,431.121433
0.0,152,431.121433
0.0,152,431.121433
0.0,152,434.04491
0.0,152,434.04491
0.0,152,434.04491
0.0,152,434.04491
1.0,152,434.04491
0.0,152,434.04491
0.0,152,434.04491
0.0,152,434.04491
0.0,152,435.522451
0.0,152,435.522451
0.0,152,435.522451
1.0,152,435.522451
0.0,152,437.019017
0.0,152,437.019017
0.0,152,437.019017
0.0,152,437.019017
1.0,152,438.483668
0.0,152,438.483668
0.0,152,438.483668
0.0,152,438.483668
0.0,152,457.950815
0.0,152,457.950815
0.0,152,457.950815
2.0,152,457.950815
0.0,152,459.381043
1.0,152,459.381043
0.0,152,459.381043
1.0,152,459.381043
0.0,160,459.381043
0.0,160,459.381043
1.0,160,459.381043
0.0,160,459.381043
0.0,152,462.211431
0.0,152,462.211431
0.0,152,462.211431
0.0,152,462.211431
0.0,160,463.63015
1.0,160,463.63015
1.0,160,463.63015
0.0,160,463.63015
0.0,160,465.110564
0.0,160,465.110564
0.0,160,465.110564
1.0,160,465.110564
0.0,152,466.547233
0.0,152,466.547233
0.0,152,466.547233
2.0,152,466.547233
1.0,168,468.043176
0.0,168,468.043176
1.0,168,468.043176
0.0,168,468.043176
0.0,152,485.778003
0.0,152,485.778003
1.0,152,485.778003
0.0,152,485.778003
0.0,152,487.2458
0.0,152,487.2458
1.0,152,487.2458
0.0,152,487.2458
1.0,160,488.645092
0.0,160,488.645092
0.0,160,488.645092
1.0,160,488.645092
0.0,152,491.585457
0.0,152,491.585457
0.0,152,491.585457
0.0,152,491.585457
0.0,160,491.585457
0.0,160,491.585457
1.0,160,491.585457
0.0,160,491.585457
0.0,152,493.080095
0.0,152,493.080095
0.0,152,493.080095
0.0,152,493.080095
0.0,152,494.536742
0.0,152,494.536742
0.0,152,494.536742
0.0,152,494.536742
0.0,152,496.061098
1.0,152,496.061098
0.0,152,496.061098
0.0,152,496.061098
0.0,152,513.863481
0.0,152,513.863481
0.0,152,513.863481
0.0,152,513.863481
0.0,152,515.339108
0.0,152,515.339108
0.0,152,515.339108
0.0,152,515.339108
1.0,152,516.90466
0.0,152,516.90466
0.0,152,516.90466
0.0,152,516.90466
0.0,152,519.821865
0.0,152,519.821865
0.0,152,519.821865
1.0,152,519.821865
0.0,152,519.821865
1.0,152,519.821865
0.0,152,519.821865
2.0,152,519.821865
0.0,152,521.434052
0.0,152,521.434052
0.0,152,521.434052
0.0,152,521.434052
0.0,152,522.965734
0.0,152,522.965734
0.0,152,522.965734
0.0,152,522.965734
1.0,152,524.440906
0.0,152,524.441905
0.0,152,524.441905
0.0,152,524.441905
1.0,152,542.414932
0.0,152,542.414932
0.0,152,542.414932
0.0,152,542.414932
2.0,152,543.909714
0.0,152,543.909714
0.0,152,543.909714
0.0,152,543.909714
0.0,152,545.345708
0.0,152,545.345708
0.0,152,545.345708
1.0,152,545.345708
0.0,152,548.265789
0.0,152,548.265789
0.0,152,548.265789
0.0,152,548.265789
0.0,143,549.540342
0.0,143,549.540342
0.0,143,549.540342
1.0,143,549.540342
0.0,152,549.730439
0.0,152,549.730439
0.0,152,549.730439
0.0,152,549.730439
1.0,168,551.267982
2.0,168,551.268979
0.0,168,551.268979
0.0,168,551.268979
0.0,152,552.733896
0.0,152,552.733896
0.0,152,552.733896
0.0,152,552.733896
0.0,160,572.600541
1.0,160,572.600541
0.0,160,572.600541
0.0,160,572.600541
0.0,152,574.151776
0.0,152,574.151776
1.0,152,574.151776
0.0,152,574.151776
1.0,168,575.72109
4.0,168,575.72109
0.0,168,575.72109
0.0,168,575.72109
0.0,152,577.237612
0.0,152,577.237612
1.0,152,577.237612
0.0,152,577.237612
0.0,152,578.804732
0.0,152,578.804732
0.0,152,578.804732
0.0,152,578.804732
1.0,152,580.423808
0.0,152,580.423808
0.0,152,580.423808
0.0,152,580.423808
0.0,152,581.911063
0.0,152,581.911063
0.0,152,581.911063
1.0,152,581.911063
0.0,173,582.648675
1.0,173,582.648675
1.0,173,582.648675
1.0,173,582.648675
0.0,152,600.828282
0.0,152,600.828282
0.0,152,600.828282
0.0,152,600.828282
0.0,152,602.289257
0.0,152,602.289257
0.0,152,602.289257
0.0,152,602.289257
1.0,152,603.737757
0.0,152,603.737757
1.0,152,603.737757
0.0,152,603.737757
0.0,152,605.174892
2.0,152,605.174892
0.0,152,605.174892
0.0,152,605.174892
0.0,152,606.612512
1.0,152,606.612512
0.0,152,606.612512
0.0,152,606.612512
0.0,152,608.091311
0.0,152,608.091311
0.0,152,608.091311
1.0,152,608.091311
0.0,152,610.22882
0.0,152,610.22882
0.0,152,610.22882
0.0,152,610.22882
0.0,160,610.981796
0.0,160,610.981796
0.0,160,610.981796
1.0,160,610.981796
0.0,152,629.931076
0.0,152,629.931076
1.0,152,629.931076
0.0,152,629.931076
0.0,160,629.931076
1.0,160,629.931076
2.0,160,629.931076
0.0,160,629.931076
0.0,152,632.791373
0.0,152,632.791373
0.0,152,632.791373
0.0,152,632.791373
0.0,152,634.236032
0.0,152,634.236032
0.0,152,634.236032
0.0,152,634.236032
0.0,168,634.236032
0.0,168,634.236032
2.0,168,634.236032
2.0,168,634.236032
0.0,152,635.648032
0.0,152,635.648032
0.0,152,635.648032
0.0,152,635.648032
0.0,152,637.906455
0.0,152,637.906455
1.0,152,637.906455
0.0,152,637.906455
0.0,152,638.627759
0.0,152,638.627759
0.0,152,638.627759
0.0,152,638.627759
0.0,152,658.347959
0.0,152,658.347959
0.0,152,658.347959
1.0,152,658.347959
0.0,152,658.347959
0.0,152,658.347959
0.0,152,658.347959
0.0,152,658.347959
0.0,152,662.584307
0.0,152,662.584307
0.0,152,662.584307
0.0,152,662.584307
0.0,152,662.584307
2.0,152,662.584307
0.0,152,662.584307
0.0,152,662.584307
0.0,152,664.043842
0.0,152,664.043842
0.0,152,664.043842
0.0,152,664.043842
0.0,168,664.043842
1.0,168,664.043842
0.0,168,664.043842
1.0,168,664.043842
0.0,152,666.172079
1.0,152,666.172079
0.0,152,666.172079
0.0,152,666.172079
1.0,152,666.918555
0.0,152,666.919556
1.0,152,666.919556
0.0,152,666.919556
0.0,152,686.152259
1.0,152,686.152259
0.0,152,686.152259
1.0,152,686.152259
0.0,152,686.152259
0.0,152,686.152259
0.0,152,686.152259
1.0,152,686.152259
0.0,152,690.473225
0.0,152,690.473225
0.0,152,690.473225
0.0,152,690.473225
1.0,152,690.473225
0.0,152,690.473225
1.0,152,690.473225
0.0,152,690.473225
0.0,152,691.911192
0.0,152,691.911192
0.0,152,691.911192
1.0,152,691.911192
0.0,152,691.911192
0.0,152,691.911192
0.0,152,691.911192
1.0,152,691.911192
0.0,152,694.100933
3.0,152,694.100933
0.0,152,694.100933
1.0,152,694.100933
0.0,152,694.811041
1.0,152,694.811041
0.0,152,694.811041
0.0,152,694.811041
0.0,152,714.019941
0.0,152,714.019941
0.0,152,714.019941
0.0,152,714.019941
0.0,152,714.019941
0.0,152,714.019941
0.0,152,714.019941
0.0,152,714.019941
0.0,152,718.303359
0.0,152,718.303359
0.0,152,718.303359
0.0,152,718.303359
0.0,152,718.303359
0.0,152,718.303359
0.0,152,718.303359
0.0,152,718.303359
0.0,152,719.88705
0.0,152,719.88705
0.0,152,719.88705
1.0,152,719.88705
2.0,160,721.392952
0.0,160,721.392952
0.0,160,721.392952
1.0,160,721.392952
0.0,152,722.870394
1.0,152,722.870394
1.0,152,722.870394
0.0,152,722.870394
1.0,160,723.637262
0.0,160,723.637262
0.0,160,723.637262
0.0,160,723.637262
0.0,144,740.536014
0.0,144,740.536014
0.0,144,740.536014
0.0,144,740.536014
0.0,152,742.070699
0.0,152,742.070699
0.0,152,742.070699
1.0,152,742.070699
1.0,152,746.631426
0.0,152,746.631426
0.0,152,746.631426
0.0,152,746.631426
1.0,152,746.631426
0.0,152,746.631426
0.0,152,746.631426
0.0,152,746.631426
2.0,160,749.659235
0.0,160,749.659235
0.0,160,749.659235
0.0,160,749.659235
0.0,160,751.188652
0.0,160,751.188652
1.0,160,751.188652
0.0,160,751.188652
0.0,152,751.965732
0.0,152,751.965732
0.0,152,751.965732
0.0,152,751.965732
1.0,160,752.694895
0.0,160,752.694895
0.0,160,752.694895
1.0,160,752.694895
1.0,152,769.030207
1.0,152,769.030207
0.0,152,769.030207
0.0,152,769.030207
0.0,152,770.435428
0.0,152,770.435428
0.0,152,770.435428
0.0,152,770.435428
0.0,152,774.770912
0.0,152,774.770912
0.0,152,774.770912
0.0,152,774.770912
0.0,152,774.770912
0.0,152,774.770912
0.0,152,774.770912
0.0,152,774.770912
1.0,160,779.121807
0.0,160,779.121807
1.0,160,779.121807
0.0,160,779.121807
0.0,152,779.830881
0.0,152,779.830881
0.0,152,779.830881
0.0,152,779.830881
0.0,160,780.565402
0.0,160,780.565402
0.0,160,780.565402
1.0,160,780.565402
0.0,152,780.565402
1.0,152,780.565402
0.0,152,780.565402
0.0,152,780.565402
0.0,160,834.891522
1.0,160,834.891522
1.0,160,834.891522
0.0,160,834.891522
0.0,152,834.891522
0.0,152,834.891522
0.0,152,834.891522
1.0,152,834.891522
0.0,152,839.254424
0.0,152,839.254424
0.0,152,839.254424
1.0,152,839.254424
0.0,152,839.254424
0.0,152,839.254424
0.0,152,839.254424
0.0,152,839.254424
0.0,152,844.445609
0.0,152,844.445609
0.0,152,844.445609
0.0,152,844.445609
0.0,160,845.211229
2.0,160,845.211229
1.0,160,845.211229
0.0,160,845.211229
2.0,152,845.211229
0.0,152,845.211229
0.0,152,845.211229
0.0,152,845.211229
2.0,152,845.211229
0.0,152,845.211229
0.0,152,845.211229
1.0,152,845.211229
0.0,152,863.164285
0.0,152,863.164285
1.0,152,863.164285
0.0,152,863.164285
0.0,152,863.164285
1.0,152,863.164285
1.0,152,863.164285
0.0,152,863.164285
0.0,152,867.5553
0.0,152,867.5553
1.0,152,867.5553
0.0,152,867.5553
0.0,152,867.5553
0.0,152,867.5553
0.0,152,867.5553
0.0,152,867.5553
0.0,152,873.358219
0.0,152,873.358219
0.0,152,873.358219
0.0,152,873.358219
1.0,152,873.358219
0.0,152,873.358219
0.0,152,873.358219
1.0,152,873.358219
1.0,160,874.8272
1.0,160,874.8272
0.0,160,874.8272
1.0,160,874.8272
1.0,168,875.577199
1.0,168,875.577199
0.0,168,875.577199
1.0,168,875.577199
0.0,152,890.918149
0.0,152,890.918149
0.0,152,890.918149
0.0,152,890.918149
1.0,152,890.918149
0.0,152,890.918149
0.0,152,890.918149
0.0,152,890.918149
0.0,152,895.295843
1.0,152,895.295843
0.0,152,895.295843
0.0,152,895.295843
3.0,160,896.796495
0.0,160,896.796495
0.0,160,896.796495
0.0,160,896.796495
0.0,152,902.738619
0.0,152,902.738619
0.0,152,902.738619
0.0,152,902.738619
0.0,160,902.738619
1.0,160,902.738619
0.0,160,902.738619
1.0,160,902.738619
0.0,152,903.492481
1.0,152,903.492481
0.0,152,903.492481
0.0,152,903.492481
0.0,168,904.211233
2.0,168,904.211233
0.0,168,904.211233
0.0,168,904.211233
2.0,152,919.221968
0.0,152,919.221968
0.0,152,919.221968
0.0,152,919.221968
0.0,152,919.221968
1.0,152,919.221968
0.0,152,919.221968
0.0,152,919.221968
0.0,160,925.346377
1.0,160,925.346377
1.0,160,925.346377
0.0,160,925.346377
0.0,152,925.346377
1.0,152,925.346377
0.0,152,925.346377
0.0,152,925.346377
0.0,152,931.161003
2.0,152,931.161003
0.0,152,931.161003
0.0,152,931.161003
0.0,152,931.895146
0.0,152,931.895146
0.0,152,931.895146
2.0,152,931.895146
0.0,160,932.640796
0.0,160,932.640796
0.0,160,932.640796
1.0,160,932.640796
0.0,152,932.640796
0.0,152,932.640796
1.0,152,932.640796
0.0,152,932.640796
0.0,152,947.569526
0.0,152,947.569526
0.0,152,947.569526
0.0,152,947.569526
0.0,152,947.569526
0.0,152,947.569526
1.0,152,947.569526
1.0,152,947.569526
0.0,152,953.593219
0.0,152,953.593219
0.0,152,953.593219
0.0,152,953.593219
0.0,152,953.593219
0.0,152,953.593219
0.0,152,953.593219
0.0,152,953.593219
0.0,152,960.567446
1.0,152,960.567446
0.0,152,960.567446
1.0,152,960.567446
0.0,152,961.362875
0.0,152,961.362875
0.0,152,961.362875
0.0,152,961.362875
0.0,152,961.362875
0.0,152,961.362875
0.0,152,961.362875
0.0,152,961.362875
0.0,168,962.89261
0.0,168,962.89261
0.0,168,962.89261
4.0,168,962.89261
0.0,152,976.323035
0.0,152,976.323035
0.0,152,976.323035
0.0,152,976.323035
2.0,152,976.323035
0.0,152,976.323035
0.0,152,976.323035
1.0,152,976.323035
0.0,152,982.206901
0.0,152,982.206901
2.0,152,982.206901
0.0,152,982.206901
0.0,152,982.206901
0.0,152,982.206901
0.0,152,982.206901
1.0,152,982.206901
0.0,152,988.775062
1.0,152,988.775062
1.0,152,988.775062
0.0,152,988.775062
0.0,152,989.494031
0.0,152,989.494031
0.0,152,989.494031
0.0,152,989.494031
0.0,152,989.494031
0.0,152,989.494031
0.0,152,989.494031
0.0,152,989.494031
1.0,152,990.978793
0.0,152,990.978793
0.0,152,990.978793
0.0,152,990.978793
0.0,152,1004.161328
0.0,152,1004.161328
0.0,152,1004.161328
0.0,152,1004.161328
0.0,152,1004.161328
1.0,152,1004.161328
0.0,152,1004.161328
1.0,152,1004.161328
0.0,152,1010.088401
1.0,152,1010.088401
0.0,152,1010.088401
0.0,152,1010.088401
0.0,152,1010.088401
0.0,152,1010.088401
0.0,152,1010.088401
0.0,152,1010.088401
0.0,152,1016.683571
0.0,152,1016.683571
0.0,152,1016.683571
0.0,152,1016.683571
0.0,152,1017.449605
0.0,152,1017.449605
0.0,152,1017.449605
1.0,152,1017.449605
0.0,152,1017.449605
0.0,152,1017.449605
0.0,152,1017.449605
1.0,152,1017.449605
0.0,160,1020.486469
1.0,160,1020.486469
0.0,160,1020.486469
0.0,160,1020.486469
0.0,152,1032.508379
0.0,152,1032.508379
0.0,152,1032.508379
0.0,152,1032.508379
0.0,152,1032.508379
0.0,152,1032.508379
1.0,152,1032.508379
0.0,152,1032.508379
0.0,152,1038.453245
0.0,152,1038.453245
1.0,152,1038.453245
0.0,152,1038.453245
0.0,152,1038.453245
0.0,152,1038.453245
0.0,152,1038.453245
0.0,152,1038.453245
0.0,152,1045.175798
0.0,152,1045.175798
0.0,152,1045.175798
0.0,152,1045.175798
0.0,152,1045.941564
2.0,152,1045.941564
2.0,152,1045.941564
0.0,152,1045.941564
0.0,152,1045.941564
0.0,152,1045.941564
1.0,152,1045.941564
1.0,152,1045.941564
0.0,152,1048.882728
0.0,152,1048.882728
1.0,152,1048.882728
0.0,152,1048.882728
0.0,152,1060.671059
0.0,152,1060.671059
0.0,152,1060.671059
0.0,152,1060.671059
0.0,152,1060.671059
0.0,152,1060.671059
0.0,152,1060.671059
0.0,152,1060.671059
0.0,152,1066.44227
0.0,152,1066.44227
1.0,152,1066.44227
0.0,152,1066.44227
0.0,152,1066.44227
0.0,152,1066.44227
0.0,152,1066.44227
0.0,152,1066.44227
0.0,152,1072.946028
0.0,152,1072.946028
0.0,152,1072.946028
0.0,152,1072.946028
0.0,152,1073.684204
1.0,152,1073.684204
0.0,152,1073.684204
0.0,152,1073.684204
0.0,152,1073.684204
0.0,152,1073.684204
0.0,152,1073.684204
0.0,152,1073.684204
0.0,160,1078.14521
1.0,160,1078.14521
1.0,160,1078.14521
1.0,160,1078.14521
0.0,152,1088.491837
0.0,152,1088.491837
0.0,152,1088.491837
1.0,152,1088.491837
0.0,152,1088.491837
0.0,152,1088.491837
0.0,152,1088.491837
1.0,152,1088.491837
0.0,152,1094.180669
0.0,152,1094.180669
0.0,152,1094.180669
0.0,152,1094.180669
0.0,152,1094.180669
0.0,152,1094.180669
0.0,152,1094.180669
0.0,152,1094.180669
0.0,152,1100.83153
1.0,152,1100.83153
0.0,152,1100.83153
1.0,152,1100.83153
2.0,152,1101.581522
0.0,152,1101.581522
0.0,152,1101.581522
2.0,152,1101.581522
1.0,152,1101.581522
0.0,152,1101.581522
0.0,152,1101.581522
0.0,152,1101.581522
0.0,152,1106.097798
0.0,152,1106.097798
1.0,152,1106.097798
0.0,152,1106.097798
0.0,152,1116.092562
0.0,152,1116.092562
2.0,152,1116.092562
0.0,152,1116.092562
1.0,152,1116.092562
0.0,152,1116.092562
0.0,152,1116.092562
0.0,152,1116.092562
0.0,152,1121.749268
0.0,152,1121.749268
0.0,152,1121.749268
0.0,152,1121.749268
1.0,152,1121.749268
0.0,152,1121.749268
0.0,152,1121.749268
1.0,152,1121.749268
0.0,152,1128.328991
1.0,152,1128.328991
0.0,152,1128.328991
0.0,152,1128.328991
0.0,152,1129.03443
0.0,152,1129.03443
0.0,152,1129.03443
0.0,152,1129.03443
1.0,168,1131.938149
1.0,168,1131.938149
2.0,168,1131.938149
0.0,168,1131.938149
0.0,152,1133.381966
0.0,152,1133.381966
0.0,152,1133.381966
0.0,152,1133.381966
0.0,152,1143.596141
0.0,152,1143.596141
1.0,152,1143.596141
0.0,152,1143.596141
1.0,152,1143.596141
0.0,152,1143.596141
1.0,152,1143.596141
0.0,152,1143.596141
1.0,160,1150.95375
0.0,160,1150.95375
0.0,160,1150.95375
0.0,160,1150.95375
1.0,168,1152.405081
0.0,168,1152.405081
1.0,168,1152.405081
0.0,168,1152.405081
0.0,152,1155.997374
0.0,152,1155.997374
0.0,152,1155.997374
0.0,152,1155.997374
1.0,152,1156.703927
2.0,152,1156.703927
1.0,152,1156.703927
0.0,152,1156.703927
0.0,152,1159.5439
0.0,152,1159.5439
2.0,152,1159.5439
0.0,152,1159.5439
1.0,160,1162.456099
0.0,160,1162.456099
1.0,160,1162.456099
0.0,160,1162.456099
0.0,152,1171.187053
0.0,152,1171.187053
0.0,152,1171.187053
0.0,152,1171.187053
0.0,160,1172.634053
0.0,160,1172.634053
1.0,160,1172.634053
0.0,160,1172.634053
1.0,152,1178.451885
0.0,152,1178.451885
0.0,152,1178.451885
0.0,152,1178.451885
1.0,152,1179.891592
0.0,152,1179.891592
0.0,152,1179.891592
0.0,152,1179.891592
0.0,152,1183.494487
0.0,152,1183.494487
0.0,152,1183.494487
1.0,152,1183.494487
0.0,152,1184.213933
0.0,152,1184.213933
0.0,152,1184.213933
1.0,152,1184.213933
0.0,152,1187.081312
1.0,152,1187.081312
0.0,152,1187.081312
0.0,152,1187.081312
0.0,152,1189.961222
0.0,152,1189.961222
2.0,152,1189.961222
0.0,152,1189.961222
1.0,152,1198.608852
0.0,152,1198.608852
0.0,152,1198.608852
0.0,152,1198.608852
0.0,152,1200.033499
0.0,152,1200.033499
0.0,152,1200.033499
0.0,152,1200.033499
0.0,152,1205.668491
1.0,152,1205.668491
2.0,152,1205.668491
0.0,152,1205.668491
0.0,152,1242.451746
1.0,152,1242.451746
0.0,152,1242.451746
0.0,152,1242.451746
0.0,152,1246.022656
0.0,152,1246.022656
0.0,152,1246.022656
0.0,152,1246.022656
0.0,152,1246.756912
1.0,152,1246.756912
0.0,152,1246.756912
0.0,152,1246.756912
0.0,160,1251.120231
0.0,160,1251.120231
1.0,160,1251.120231
0.0,160,1251.120231
0.0,152,1252.62137
0.0,152,1252.62137
0.0,152,1252.62137
0.0,152,1252.62137
0.0,152,1261.283531
0.0,152,1261.283531
1.0,152,1261.283531
1.0,152,1261.283531
0.0,152,1262.665938
0.0,152,1262.665938
0.0,152,1262.665938
0.0,152,1262.665938
0.0,152,1268.282803
0.0,152,1268.282803
1.0,152,1268.282803
0.0,152,1268.282803
0.0,152,1269.63507
0.0,152,1269.63507
0.0,152,1269.63507
0.0,152,1269.63507
0.0,152,1273.199387
0.0,152,1273.199387
1.0,152,1273.199387
0.0,152,1273.199387
0.0,152,1273.876174
0.0,152,1273.876174
0.0,152,1273.876174
0.0,152,1273.876174
1.0,160,1279.509504
0.0,160,1279.509504
0.0,160,1279.509504
2.0,160,1279.509504
0.0,152,1279.509504
0.0,152,1279.509504
0.0,152,1279.509504
1.0,152,1279.509504
0.0,152,1288.002396
0.0,152,1288.002396
2.0,152,1288.002396
0.0,152,1288.002396
0.0,152,1289.359239
0.0,152,1289.359239
0.0,152,1289.359239
0.0,152,1289.359239
0.0,152,1295.010437
0.0,152,1295.010437
0.0,152,1295.010437
0.0,152,1295.010437
0.0,152,1296.424439
0.0,152,1296.424439
0.0,152,1296.424439
1.0,152,1296.424439
0.0,152,1300.006228
0.0,152,1300.006228
2.0,152,1300.006228
0.0,152,1300.006228
0.0,152,1300.704366
0.0,152,1300.704366
0.0,152,1300.704366
0.0,152,1300.704366
0.0,133,1303.039995
0.0,133,1303.039995
0.0,133,1303.039995
0.0,133,1303.039995
0.0,160,1307.774273
1.0,160,1307.774273
0.0,160,1307.774273
1.0,160,1307.774273
0.0,152,1314.807506
1.0,152,1314.807506
0.0,152,1314.807506
0.0,152,1314.807506
0.0,152,1316.247805
0.0,152,1316.247805
0.0,152,1316.247805
0.0,152,1316.247805
0.0,152,1321.880787
0.0,152,1321.880787
1.0,152,1321.880787
0.0,152,1321.880787
0.0,152,1323.270833
0.0,152,1323.270833
0.0,152,1323.270833
0.0,152,1323.270833
0.0,152,1327.478587
0.0,152,1327.478587
1.0,152,1327.478587
0.0,152,1327.478587
0.0,160,1328.211399
0.0,160,1328.211399
1.0,160,1328.211399
0.0,160,1328.211399
1.0,152,1329.79942
0.0,152,1329.79942
0.0,152,1329.79942
0.0,152,1329.79942
0.0,152,1334.596362
0.0,152,1334.596362
0.0,152,1334.596362
0.0,152,1334.596362
2.0,152,1341.62719
0.0,152,1341.62719
1.0,152,1341.62719
0.0,152,1341.62719
0.0,160,1344.439157
0.0,160,1344.439157
0.0,160,1344.439157
1.0,160,1344.439157
0.0,152,1348.583149
1.0,152,1348.583149
1.0,152,1348.583149
0.0,152,1348.583149
0.0,152,1349.985907
0.0,152,1349.985907
0.0,152,1349.985907
1.0,152,1349.985907
1.0,152,1354.114403
0.0,152,1354.114403
0.0,152,1354.114403
0.0,152,1354.114403
0.0,152,1354.78157
0.0,152,1354.78157
1.0,152,1354.78157
1.0,152,1354.78157
0.0,160,1357.676966
0.0,160,1357.676966
1.0,160,1357.676966
0.0,160,1357.676966
0.0,152,1360.926473
1.0,152,1360.926473
0.0,152,1360.926473
0.0,152,1360.926473
1.0,160,1369.212052
1.0,160,1369.212052
0.0,160,1369.212052
0.0,160,1369.212052
0.0,152,1370.600878
0.0,152,1370.600878
1.0,152,1370.600878
0.0,152,1370.600878
0.0,152,1374.740086
0.0,152,1374.740086
1.0,152,1374.740086
0.0,152,1374.740086
0.0,152,1376.131214
1.0,152,1376.131214
0.0,152,1376.131214
0.0,152,1376.131214
0.0,152,1380.307343
0.0,152,1380.307343
1.0,152,1380.307343
0.0,152,1380.307343
0.0,152,1380.983787
0.0,152,1380.983787
0.0,152,1380.983787
0.0,152,1380.983787
0.0,152,1383.9164
0.0,152,1383.9164
1.0,152,1383.9164
0.0,152,1383.9164
0.0,152,1387.220038
0.0,152,1387.220038
0.0,152,1387.220038
0.0,152,1387.220038
0.0,152,1395.669987
0.0,152,1395.669987
0.0,152,1395.669987
0.0,152,1395.669987
1.0,152,1397.072685
0.0,152,1397.072685
0.0,152,1397.072685
0.0,152,1397.072685
0.0,152,1401.198406
2.0,152,1401.198406
0.0,152,1401.198406
0.0,152,1401.198406
0.0,152,1402.56296
0.0,152,1402.56296
0.0,152,1402.56296
0.0,152,1402.56296
0.0,152,1406.666884
2.0,152,1406.666884
1.0,152,1406.666884
0.0,152,1406.666884
0.0,152,1407.355522
0.0,152,1407.355522
0.0,152,1407.355522
0.0,152,1407.355522
0.0,152,1410.34365
0.0,152,1410.34365
0.0,152,1410.34365
0.0,152,1410.34365
2.0,160,1415.163729
0.0,160,1415.163729
0.0,160,1415.163729
1.0,160,1415.163729
0.0,152,1423.508603
0.0,152,1423.508603
0.0,152,1423.508603
0.0,152,1423.508603
0.0,160,1423.508603
1.0,160,1423.508603
0.0,160,1423.508603
0.0,160,1423.508603
0.0,152,1427.676087
0.0,152,1427.676087
0.0,152,1427.676087
0.0,152,1427.676087
0.0,152,1429.067875
0.0,152,1429.067875
0.0,152,1429.067875
1.0,152,1429.067875
0.0,152,1433.260141
0.0,152,1433.260141
0.0,152,1433.260141
1.0,152,1433.260141
0.0,152,1433.953165
0.0,152,1433.953165
0.0,152,1433.953165
0.0,152,1433.953165
0.0,152,1436.977794
2.0,152,1436.977794
0.0,152,1436.977794
0.0,152,1436.977794
0.0,152,1441.7144
0.0,152,1441.7144
0.0,152,1441.7144
0.0,152,1441.7144
0.0,152,1449.935805
1.0,152,1449.935805
1.0,152,1449.935805
0.0,152,1449.935805
0.0,160,1451.342188
1.0,160,1451.342188
0.0,160,1451.342188
0.0,160,1451.342188
0.0,152,1454.023206
0.0,152,1454.023206
0.0,152,1454.023206
0.0,152,1454.023206
1.0,152,1455.379246
0.0,152,1455.379246
0.0,152,1455.379246
0.0,152,1455.379246
0.0,152,1459.498529
0.0,152,1459.498529
2.0,152,1459.498529
0.0,152,1459.498529
0.0,152,1460.215371
0.0,152,1460.215371
0.0,152,1460.215371
0.0,152,1460.215371
0.0,152,1463.183942
0.0,152,1463.183942
0.0,152,1463.183942
0.0,152,1463.183942
1.0,152,1467.961298
0.0,152,1467.961298
0.0,152,1467.961298
0.0,152,1467.961298
0.0,152,1476.386947
0.0,152,1476.386947
0.0,152,1476.386947
0.0,152,1476.386947
0.0,152,1477.766248
0.0,152,1477.766248
0.0,152,1477.766248
1.0,152,1477.766248
0.0,146,1479.520915
0.0,146,1479.520915
0.0,146,1479.520915
1.0,146,1479.520915
0.0,152,1481.958072
0.0,152,1481.958072
0.0,152,1481.958072
1.0,152,1481.958072
1.0,152,1486.2621
0.0,152,1486.2621
0.0,152,1486.2621
0.0,152,1486.2621
1.0,152,1486.956173
0.0,152,1486.956173
0.0,152,1486.956173
0.0,152,1486.956173
1.0,152,1489.957385
0.0,152,1489.957385
0.0,152,1489.957385
0.0,152,1489.957385
0.0,152,1494.682708
0.0,152,1494.682708
0.0,152,1494.682708
0.0,152,1494.682708
0.0,152,1504.489191
0.0,152,1504.489191
0.0,152,1504.489191
0.0,152,1504.489191
0.0,160,1504.489191
0.0,160,1504.489191
1.0,160,1504.489191
0.0,160,1504.489191
0.0,152,1506.196045
0.0,152,1506.196045
0.0,152,1506.196045
1.0,152,1506.196045
0.0,152,1508.593676
0.0,152,1508.593676
0.0,152,1508.593676
0.0,152,1508.593676
0.0,152,1512.823836
0.0,152,1512.823836
0.0,152,1512.823836
0.0,152,1512.823836
0.0,152,1513.53369
0.0,152,1513.53369
0.0,152,1513.53369
0.0,152,1513.53369
0.0,152,1516.495443
1.0,152,1516.495443
0.0,152,1516.495443
0.0,152,1516.495443
0.0,152,1521.302946
0.0,152,1521.302946
0.0,152,1521.302946
0.0,152,1521.302946
0.0,160,1532.583433
0.0,160,1532.583433
2.0,160,1532.583433
1.0,160,1532.583433
1.0,160,1532.583433
0.0,160,1532.583433
0.0,160,1532.583433
1.0,160,1532.583433
0.0,152,1532.947051
0.0,152,1532.947051
1.0,152,1532.947051
0.0,152,1532.947051
1.0,168,1538.218961
0.0,168,1538.218961
1.0,168,1538.218961
1.0,168,1538.218961
0.0,152,1539.624619
1.0,152,1539.624619
0.0,152,1539.624619
0.0,152,1539.624619
0.0,152,1540.356463
0.0,152,1540.356463
0.0,152,1540.356463
0.0,152,1540.356463
0.0,160,1544.667134
2.0,160,1544.667134
0.0,160,1544.667134
0.0,160,1544.667134
2.0,160,1549.349312
0.0,160,1549.349312
1.0,160,1549.349312
0.0,160,1549.349312
0.0,152,1559.058208
0.0,152,1559.058208
0.0,152,1559.058208
0.0,152,1559.058208
0.0,152,1559.422115
0.0,152,1559.422115
0.0,152,1559.422115
1.0,152,1559.422115
0.0,168,1561.805467
2.0,168,1561.805467
0.0,168,1561.805467
0.0,168,1561.805467
0.0,160,1565.87303
1.0,160,1565.87303
0.0,160,1565.87303
1.0,160,1565.87303
0.0,152,1565.87303
0.0,152,1565.87303
1.0,152,1565.87303
0.0,152,1565.87303
0.0,152,1566.56612
0.0,152,1566.56612
2.0,152,1566.56612
0.0,152,1566.56612
0.0,152,1570.875839
0.0,152,1570.875839
0.0,152,1570.875839
0.0,152,1570.875839
1.0,160,1576.925885
0.0,160,1576.925885
0.0,160,1576.925885
0.0,160,1576.925885
1.0,152,1585.23947
0.0,152,1585.23947
0.0,152,1585.23947
0.0,152,1585.23947
1.0,152,1585.588841
0.0,152,1585.588841
0.0,152,1585.588841
0.0,152,1585.588841
0.0,152,1588.05166
1.0,152,1588.05166
0.0,152,1588.05166
0.0,152,1588.05166
1.0,152,1592.310464
0.0,152,1592.310464
0.0,152,1592.310464
0.0,152,1592.310464
0.0,152,1592.310464
0.0,152,1592.310464
0.0,152,1592.310464
1.0,152,1592.310464
0.0,160,1594.451514
1.0,160,1594.451514
0.0,160,1594.451514
1.0,160,1594.451514
0.0,152,1597.420829
0.0,152,1597.420829
0.0,152,1597.420829
0.0,152,1597.420829
