#{"t_start": 1704738893.241877, "env_id": "None"}
r,l,t
1.0,164,3.003366
1.0,164,3.003366
1.0,164,3.003366
0.0,164,3.003366
1.0,164,3.003366
1.0,164,3.003366
1.0,164,3.003366
2.0,164,3.003366
2.0,164,3.003366
1.0,164,3.003366
0.0,164,3.003366
0.0,164,3.003366
1.0,164,3.003366
0.0,164,3.003366
1.0,164,3.003366
1.0,164,3.003366
0.0,164,3.003366
2.0,164,3.003366
2.0,164,3.003366
1.0,164,3.003366
0.0,164,3.003366
0.0,164,3.003366
1.0,164,3.003366
1.0,164,3.003366
0.0,164,5.877462
0.0,164,5.877462
2.0,164,5.877462
1.0,164,5.877462
0.0,164,5.877462
2.0,164,5.877462
0.0,164,5.877462
1.0,164,5.877462
2.0,164,5.877462
0.0,164,5.877462
0.0,164,5.877462
0.0,164,5.877462
1.0,164,5.877462
0.0,164,5.877462
1.0,164,5.880522
1.0,184,6.233988
0.0,184,6.233988
0.0,184,6.233988
0.0,184,6.233988
0.0,184,6.233988
2.0,184,6.233988
2.0,184,6.233988
1.0,184,6.233988
1.0,184,6.233988
2.0,164,8.772118
0.0,164,8.772118
1.0,164,8.772118
0.0,164,8.772118
0.0,164,8.772118
0.0,164,8.772118
0.0,164,9.132628
0.0,164,9.132628
1.0,164,9.132628
0.0,164,9.132628
0.0,164,9.132628
0.0,164,9.132628
1.0,164,9.132628
0.0,164,9.132628
2.0,164,9.132628
0.0,184,9.132628
0.0,184,9.132628
5.0,184,9.132628
3.0,204,9.461867
1.0,204,9.461867
1.0,204,9.461867
2.0,204,9.461867
0.0,204,9.461867
3.0,204,9.461867
1.0,164,11.652925
0.0,164,11.652925
3.0,164,11.652925
2.0,184,12.022038
2.0,184,12.022038
1.0,184,12.022038
0.0,164,12.022038
0.0,164,12.022038
0.0,164,12.022038
1.0,164,12.022038
0.0,164,12.022038
1.0,164,12.022038
0.0,164,12.022038
1.0,164,12.022038
1.0,164,12.022038
1.0,184,12.352285
1.0,184,12.352285
1.0,184,12.367908
0.0,164,12.367908
0.0,164,12.367908
2.0,164,12.367908
1.0,164,12.367908
0.0,164,12.367908
1.0,164,12.367908
1.0,164,14.623378
0.0,164,14.623378
0.0,164,14.623378
0.0,164,14.958035
1.0,164,14.958035
1.0,164,14.958035
1.0,164,14.958035
0.0,164,14.958035
0.0,164,14.958035
0.0,164,14.958035
0.0,164,14.958035
0.0,164,14.958035
0.0,164,15.303999
1.0,164,15.303999
0.0,164,15.303999
2.0,164,15.303999
0.0,164,15.303999
1.0,164,15.303999
0.0,184,15.303999
0.0,184,15.303999
2.0,184,15.303999
2.0,184,15.663293
0.0,184,15.663293
2.0,184,15.663293
1.0,164,17.847316
0.0,164,17.847316
0.0,164,17.847316
2.0,184,17.847316
0.0,184,17.847316
1.0,184,17.847316
2.0,184,18.215919
0.0,184,18.215919
0.0,184,18.215919
1.0,184,18.215919
1.0,184,18.215919
0.0,184,18.215919
0.0,164,18.215919
1.0,164,18.215919
0.0,164,18.215919
0.0,164,18.215919
1.0,164,18.215919
0.0,164,18.215919
2.0,164,18.215919
0.0,164,18.215919
1.0,164,18.215919
0.0,164,18.554622
0.0,164,18.554622
0.0,164,18.554622
0.0,164,20.762462
2.0,164,20.762462
1.0,164,20.762462
0.0,164,20.762462
0.0,164,20.762462
2.0,164,20.762462
0.0,164,21.118913
0.0,164,21.119912
0.0,164,21.119912
0.0,164,21.119912
0.0,164,21.119912
1.0,164,21.119912
1.0,164,21.119912
0.0,164,21.119912
0.0,164,21.119912
1.0,164,21.119912
1.0,164,21.119912
1.0,164,21.119912
0.0,164,21.119912
0.0,164,21.119912
0.0,164,21.119912
0.0,164,21.466459
0.0,164,21.466459
2.0,164,21.466459
0.0,164,23.680512
0.0,164,23.680512
1.0,164,23.680512
1.0,164,23.680512
1.0,164,23.680512
0.0,164,23.680512
0.0,164,24.033147
0.0,164,24.033147
0.0,164,24.033147
0.0,164,24.033147
0.0,164,24.033147
1.0,164,24.033147
0.0,164,24.033147
1.0,164,24.033147
0.0,164,24.033147
0.0,164,24.033147
1.0,164,24.033147
0.0,164,24.033147
0.0,184,24.39944
1.0,184,24.39944
1.0,184,24.39944
0.0,184,24.760876
1.0,184,24.760876
2.0,184,24.760876
1.0,164,26.704154
0.0,164,26.704154
1.0,164,26.704154
0.0,164,27.07915
0.0,164,27.07915
1.0,164,27.07915
0.0,164,27.07915
0.0,164,27.07915
2.0,164,27.07915
0.0,184,27.07915
1.0,184,27.07915
1.0,184,27.07915
0.0,164,27.07915
0.0,164,27.07915
0.0,164,27.07915
3.0,164,27.407301
1.0,164,27.407301
1.0,164,27.407301
0.0,204,27.782342
1.0,204,27.782342
2.0,204,27.782342
0.0,164,27.782342
1.0,164,27.782342
0.0,164,27.782342
0.0,164,29.642184
0.0,164,29.642184
0.0,164,29.642184
2.0,164,30.001789
1.0,164,30.001789
0.0,164,30.001789
0.0,164,30.001789
0.0,164,30.001789
2.0,164,30.001789
0.0,164,30.001789
1.0,164,30.001789
1.0,164,30.001789
1.0,164,30.001789
0.0,164,30.001789
0.0,164,30.001789
2.0,164,30.663836
1.0,164,30.663836
1.0,164,30.663836
0.0,164,30.663836
2.0,164,30.663836
0.0,164,30.663836
0.0,284,32.506289
0.0,284,32.506289
7.0,284,32.506289
2.0,164,32.591234
0.0,164,32.591234
2.0,164,32.591234
1.0,164,32.976512
0.0,164,32.976512
1.0,164,32.976512
0.0,164,32.976512
0.0,164,32.976512
2.0,164,32.976512
1.0,164,32.976512
0.0,164,32.976512
2.0,164,32.976512
0.0,164,32.976512
1.0,164,32.976512
1.0,164,32.976512
1.0,164,33.724735
1.0,164,33.724735
2.0,164,33.724735
0.0,164,33.724735
0.0,164,33.724735
0.0,164,33.724735
0.0,164,35.517862
0.0,164,35.517862
3.0,164,35.517862
0.0,164,35.871597
0.0,164,35.871597
0.0,164,35.871597
0.0,164,35.871597
0.0,164,35.871597
1.0,164,35.871597
1.0,164,35.871597
0.0,164,35.871597
0.0,164,35.871597
0.0,204,36.157057
0.0,204,36.157057
2.0,204,36.157057
2.0,204,36.570517
1.0,204,36.570517
1.0,204,36.570517
2.0,184,36.914406
1.0,184,36.914406
3.0,184,36.914406
4.0,224,37.622873
0.0,224,37.622873
1.0,224,37.622873
0.0,164,38.400735
0.0,164,38.400735
1.0,164,38.400735
0.0,164,38.744875
0.0,164,38.744875
1.0,164,38.744875
0.0,164,38.744875
0.0,164,38.744875
4.0,164,38.744875
0.0,164,38.744875
0.0,164,38.744875
4.0,164,38.744875
1.0,184,39.370265
0.0,184,39.370265
0.0,184,39.370265
0.0,184,39.776979
0.0,184,39.776979
2.0,184,39.776979
1.0,164,39.776979
3.0,164,39.776979
1.0,164,39.776979
0.0,164,40.467702
1.0,164,40.467702
1.0,164,40.467702
2.0,164,41.225376
0.0,164,41.225376
0.0,164,41.225376
1.0,164,41.558518
0.0,164,41.558518
0.0,164,41.558518
1.0,164,41.558518
0.0,164,41.558518
1.0,164,41.558518
1.0,184,41.906656
2.0,184,41.906656
1.0,184,41.906656
0.0,164,42.172609
1.0,164,42.172609
0.0,164,42.172609
2.0,164,42.594494
2.0,164,42.594494
0.0,164,42.594494
1.0,184,42.942694
0.0,184,42.942694
1.0,184,42.942694
0.0,164,43.301666
0.0,164,43.301666
1.0,164,43.301666
0.0,164,44.051805
1.0,164,44.051805
1.0,164,44.051805
1.0,164,44.379927
0.0,164,44.379927
1.0,164,44.379927
0.0,164,44.379927
1.0,164,44.379927
1.0,164,44.379927
1.0,164,44.756799
0.0,164,44.756799
2.0,164,44.756799
0.0,164,45.049461
0.0,164,45.049461
1.0,164,45.049461
0.0,164,45.475973
1.0,164,45.475973
0.0,164,45.475973
0.0,164,45.824652
1.0,164,45.824652
1.0,164,45.824652
2.0,164,46.158271
0.0,164,46.158271
1.0,164,46.158271
1.0,184,47.294829
2.0,184,47.294829
1.0,184,47.294829
1.0,164,47.655864
0.0,164,47.655864
0.0,164,47.655864
2.0,184,47.655864
0.0,184,47.655864
1.0,184,47.655864
1.0,164,47.940934
1.0,164,47.940934
2.0,164,47.940934
1.0,204,48.008166
0.0,204,48.008166
2.0,204,48.008166
1.0,164,48.364995
0.0,164,48.364995
1.0,164,48.364995
0.0,184,49.396773
0.0,184,49.396773
3.0,184,49.396773
0.0,224,49.726146
1.0,224,49.726146
5.0,224,49.726146
0.0,164,50.476301
0.0,164,50.476301
2.0,164,50.476301
0.0,164,50.741922
1.0,164,50.741922
0.0,164,50.741922
0.0,184,50.804423
1.0,184,50.804423
0.0,184,50.804423
1.0,204,50.804423
0.0,204,50.804423
3.0,204,50.804423
0.0,164,50.804423
0.0,164,50.804423
1.0,164,50.804423
1.0,164,51.132618
1.0,164,51.132618
1.0,164,51.132618
1.0,164,52.157149
0.0,164,52.157149
0.0,164,52.157149
1.0,204,53.305705
0.0,204,53.305705
2.0,204,53.305705
0.0,164,53.389248
0.0,164,53.389248
1.0,164,53.389248
0.0,164,53.718664
0.0,164,53.718664
1.0,164,53.718664
2.0,164,54.17399
1.0,164,54.17399
0.0,164,54.17399
2.0,184,54.17399
0.0,184,54.17399
1.0,184,54.17399
1.0,204,54.53882
2.0,204,54.53882
0.0,204,54.53882
0.0,224,54.888155
1.0,224,54.888155
3.0,224,54.888155
2.0,164,55.259923
0.0,164,55.259923
1.0,164,55.259923
0.0,164,56.657202
0.0,164,56.657202
0.0,164,56.657202
2.0,204,57.0187
1.0,204,57.0187
3.0,204,57.0187
1.0,204,57.087413
1.0,204,57.087413
3.0,204,57.087413
3.0,184,57.445447
0.0,184,57.445447
1.0,184,57.445447
0.0,164,57.445447
1.0,164,57.445447
1.0,164,57.445447
1.0,204,57.819098
0.0,204,57.819098
2.0,204,57.819098
0.0,164,57.819098
0.0,164,57.819098
1.0,164,57.819098
0.0,204,58.884498
1.0,204,58.884498
3.0,204,58.884498
1.0,164,60.005257
0.0,164,60.005257
0.0,164,60.005257
0.0,184,60.005257
1.0,184,60.005257
0.0,184,60.005257
0.0,164,60.072729
0.0,164,60.072729
0.0,164,60.072729
0.0,164,60.42349
0.0,164,60.42349
0.0,164,60.42349
1.0,164,60.788499
1.0,164,60.788499
1.0,164,60.788499
0.0,164,60.788499
0.0,164,60.788499
1.0,164,60.788499
1.0,224,61.49488
2.0,224,61.49488
2.0,224,61.49488
0.0,184,62.182829
1.0,184,62.182829
2.0,184,62.182829
1.0,164,62.905336
0.0,164,62.905336
1.0,164,62.905336
1.0,164,62.905336
0.0,164,62.905336
1.0,164,62.905336
0.0,184,63.339888
0.0,184,63.339888
2.0,184,63.339888
0.0,164,63.339888
1.0,164,63.339888
0.0,164,63.339888
0.0,184,64.021896
0.0,184,64.021896
2.0,184,64.021896
0.0,204,64.355092
2.0,204,64.355092
3.0,204,64.355092
0.0,164,64.355092
2.0,164,64.355092
2.0,164,64.355092
2.0,184,65.484715
1.0,184,65.484715
0.0,184,65.484715
0.0,164,65.839872
1.0,164,65.839872
1.0,164,65.839872
0.0,184,66.166942
3.0,184,66.166942
1.0,184,66.166942
0.0,164,66.235166
1.0,164,66.235166
0.0,164,66.235166
1.0,164,66.919998
0.0,164,66.920996
1.0,164,66.920996
3.0,224,67.25502
0.0,224,67.25502
3.0,224,67.25502
1.0,164,67.25502
0.0,164,67.25502
0.0,164,67.25502
0.0,164,67.25502
1.0,164,67.25502
1.0,164,67.25502
1.0,164,68.625419
0.0,164,68.625419
0.0,164,68.625419
0.0,164,68.989157
0.0,164,68.989157
1.0,164,68.989157
0.0,184,69.439242
1.0,184,69.440713
1.0,184,69.440713
2.0,244,69.722327
1.0,244,69.722327
2.0,244,69.722327
0.0,164,69.789504
0.0,164,69.789504
0.0,164,69.789504
2.0,164,70.136096
0.0,164,70.136096
0.0,164,70.136096
0.0,184,70.489006
0.0,184,70.489006
1.0,184,70.489006
1.0,204,70.841763
1.0,204,70.841763
2.0,204,70.841763
0.0,164,71.521605
1.0,164,71.521605
1.0,164,71.521605
1.0,164,71.87314
0.0,164,71.87314
1.0,164,71.87314
0.0,164,72.271735
1.0,164,72.271735
0.0,164,72.271735
0.0,184,72.862261
1.0,184,72.862261
3.0,184,72.862261
1.0,164,72.92477
0.0,164,72.92477
3.0,164,72.92477
1.0,184,72.92477
0.0,184,72.92477
2.0,184,72.92477
0.0,164,73.284643
0.0,164,73.284643
2.0,164,73.284643
0.0,164,73.621443
0.0,164,73.621443
0.0,164,73.621443
0.0,184,74.67299
0.0,184,74.67299
2.0,184,74.67299
2.0,164,75.06809
1.0,164,75.06809
0.0,164,75.06809
1.0,164,75.721115
0.0,164,75.721115
0.0,164,75.721115
1.0,164,75.784692
0.0,164,75.784692
1.0,164,75.784692
1.0,164,75.784692
0.0,164,75.784692
2.0,164,75.784692
1.0,244,76.040914
2.0,244,76.040914
5.0,244,76.040914
0.0,164,76.451396
0.0,164,76.451396
1.0,164,76.451396
0.0,184,76.451396
0.0,184,76.451396
2.0,184,76.451396
0.0,204,78.204831
1.0,204,78.204831
3.0,204,78.204831
2.0,164,78.564387
0.0,164,78.564387
0.0,164,78.564387
1.0,204,78.638415
1.0,204,78.638415
1.0,204,78.638415
2.0,164,78.638415
0.0,164,78.638415
1.0,164,78.638415
1.0,164,78.638415
2.0,164,78.638415
0.0,164,78.638415
1.0,164,78.888405
0.0,164,78.888405
1.0,164,78.888405
3.0,184,79.689946
0.0,184,79.689946
2.0,184,79.689946
1.0,204,80.02927
0.0,204,80.02927
2.0,204,80.02927
2.0,164,81.08858
0.0,164,81.08858
0.0,164,81.08858
0.0,164,81.428715
1.0,164,81.428715
5.0,164,81.428715
0.0,164,81.778659
1.0,164,81.778659
0.0,164,81.778659
0.0,184,81.856776
1.0,184,81.856776
2.0,184,81.856776
0.0,184,81.856776
0.0,184,81.856776
3.0,184,81.856776
5.0,204,82.186359
0.0,204,82.186359
1.0,204,82.186359
0.0,164,82.514608
0.0,164,82.514608
0.0,164,82.514608
1.0,164,82.848727
0.0,164,82.848727
2.0,164,82.848727
0.0,164,83.883034
0.0,164,83.883034
0.0,164,83.883034
3.0,184,84.588152
1.0,184,84.588152
1.0,184,84.588152
2.0,164,84.588152
0.0,164,84.588152
0.0,164,84.588152
2.0,164,84.671366
0.0,164,84.671366
0.0,164,84.671366
2.0,164,84.671366
1.0,164,84.671366
0.0,164,84.671366
1.0,164,85.354185
0.0,164,85.354185
0.0,164,85.354185
1.0,184,85.354185
0.0,184,85.354185
1.0,184,85.354185
1.0,184,86.028045
1.0,184,86.028045
2.0,184,86.028045
0.0,184,87.088072
1.0,184,87.088072
1.0,184,87.088072
1.0,164,87.404909
0.0,164,87.404909
0.0,164,87.404909
2.0,164,87.404909
0.0,164,87.404909
1.0,164,87.404909
0.0,164,87.483579
0.0,164,87.483579
0.0,164,87.483579
0.0,164,87.483579
0.0,164,87.483579
0.0,164,87.483579
1.0,164,88.128774
0.0,164,88.128774
0.0,164,88.128774
0.0,164,88.128774
0.0,164,88.128774
2.0,164,88.128774
1.0,164,88.821122
1.0,164,88.821122
1.0,164,88.821122
0.0,184,90.221235
0.0,184,90.221235
3.0,184,90.221235
1.0,164,90.221235
1.0,164,90.221235
1.0,164,90.221235
1.0,164,90.271418
1.0,164,90.271418
1.0,164,90.271418
0.0,184,90.587827
0.0,184,90.587827
2.0,184,90.587827
1.0,184,90.670997
0.0,184,90.671251
2.0,184,90.671251
0.0,164,90.992399
1.0,164,90.992399
0.0,164,90.992399
0.0,164,90.992399
0.0,164,90.992399
2.0,164,90.992399
0.0,164,91.670774
0.0,164,91.670774
2.0,164,91.670774
0.0,164,93.054781
0.0,164,93.054781
0.0,164,93.054781
1.0,164,93.122869
2.0,164,93.122869
0.0,164,93.122869
0.0,184,93.397478
0.0,184,93.397478
2.0,184,93.397478
2.0,184,93.757235
0.0,184,93.757235
0.0,184,93.757235
1.0,164,93.82088
0.0,164,93.82088
0.0,164,93.82088
1.0,184,93.82088
1.0,184,93.82088
2.0,184,93.82088
1.0,164,93.82088
0.0,164,93.82088
1.0,164,93.82088
0.0,164,94.47896
0.0,164,94.47896
3.0,164,94.47896
0.0,164,95.952936
0.0,164,95.952936
1.0,164,95.952936
1.0,164,96.218561
0.0,164,96.218561
1.0,164,96.218561
1.0,184,96.218561
1.0,184,96.218561
2.0,184,96.218561
0.0,164,96.611392
1.0,164,96.611392
1.0,164,96.611392
1.0,184,96.892749
2.0,184,96.892749
1.0,184,96.892749
1.0,184,96.970872
1.0,184,96.970872
1.0,184,96.970872
1.0,164,97.316559
0.0,164,97.316559
2.0,164,97.316559
3.0,204,97.316559
0.0,204,97.316559
1.0,204,97.316559
0.0,164,98.774788
0.0,164,98.774788
1.0,164,98.774788
1.0,164,99.040787
0.0,164,99.040787
1.0,164,99.040787
2.0,164,99.040787
0.0,164,99.040787
1.0,164,99.040787
0.0,164,99.448606
0.0,164,99.448606
0.0,164,99.448606
0.0,164,99.716267
0.0,164,99.716267
1.0,164,99.716267
0.0,184,100.154492
0.0,184,100.154492
2.0,184,100.154492
0.0,164,100.154492
0.0,164,100.154492
1.0,164,100.154492
0.0,164,100.154492
0.0,164,100.154492
2.0,164,100.154492
1.0,164,101.924909
0.0,164,101.924909
1.0,164,101.924909
2.0,184,101.999324
1.0,184,101.999324
0.0,184,101.999324
2.0,164,102.337963
0.0,164,102.337963
1.0,164,102.337963
0.0,164,102.612224
0.0,164,102.613224
1.0,164,102.613224
3.0,204,102.613224
0.0,204,102.613224
3.0,204,102.613224
2.0,164,103.004597
0.0,164,103.004597
0.0,164,103.004597
0.0,164,103.004597
0.0,164,103.004597
0.0,164,103.004597
0.0,164,103.004597
0.0,164,103.004597
1.0,164,103.004597
1.0,184,105.078669
0.0,184,105.078669
2.0,184,105.078669
3.0,164,105.438339
1.0,164,105.438339
0.0,164,105.438339
0.0,164,105.438339
0.0,164,105.438339
2.0,164,105.438339
1.0,204,105.50457
0.0,204,105.50457
2.0,204,105.50457
0.0,184,105.50457
0.0,184,105.50457
1.0,184,105.50457
1.0,164,105.882141
0.0,164,105.882141
0.0,164,105.882141
0.0,184,106.244175
2.0,184,106.244175
1.0,184,106.244175
3.0,224,106.95576
1.0,224,106.95576
1.0,224,106.95576
0.0,164,107.98825
0.0,164,107.98825
1.0,164,107.98825
0.0,164,108.354992
0.0,164,108.354992
1.0,164,108.354992
1.0,164,108.354992
0.0,164,108.354992
0.0,164,108.354992
2.0,164,108.419599
1.0,164,108.419599
1.0,164,108.419599
0.0,164,108.774839
0.0,164,108.774839
1.0,164,108.774839
1.0,184,108.774839
0.0,184,108.774839
0.0,184,108.774839
1.0,184,109.470675
1.0,184,109.470675
1.0,184,109.470675
1.0,164,109.789171
0.0,164,109.789171
0.0,164,109.789171
0.0,164,110.872251
0.0,164,110.872251
1.0,164,110.872251
0.0,164,111.221041
0.0,164,111.221041
1.0,164,111.221041
1.0,164,111.283587
0.0,164,111.283587
1.0,164,111.283587
1.0,184,111.563754
1.0,184,111.563754
1.0,184,111.563754
0.0,164,111.626296
0.0,164,111.626296
0.0,164,111.626296
0.0,164,111.626296
0.0,164,111.626296
3.0,164,111.626296
1.0,164,112.664841
0.0,164,112.664841
1.0,164,112.664841
2.0,224,113.355781
0.0,224,113.355781
1.0,224,113.355781
1.0,164,114.064838
0.0,164,114.064838
1.0,164,114.064838
1.0,184,114.064838
1.0,184,114.064838
1.0,184,114.064838
0.0,164,114.127344
1.0,164,114.127344
2.0,164,114.127344
0.0,164,114.403947
0.0,164,114.403947
0.0,164,114.403947
0.0,164,114.491295
0.0,164,114.491295
1.0,164,114.491295
1.0,204,115.176411
0.0,204,115.176411
3.0,204,115.176411
1.0,184,115.870553
0.0,184,115.870553
0.0,184,115.870553
1.0,184,116.564099
0.0,184,116.564099
3.0,184,116.564099
0.0,164,116.997882
0.0,164,116.997882
1.0,164,116.997882
2.0,164,117.270492
0.0,164,117.270492
1.0,164,117.270492
1.0,184,117.270492
0.0,184,117.270492
3.0,184,117.270492
0.0,184,117.270492
2.0,184,117.270492
0.0,184,117.270492
0.0,184,117.664874
0.0,184,117.672724
1.0,184,117.672724
0.0,184,118.357835
1.0,184,118.357835
2.0,184,118.357835
0.0,164,118.705904
1.0,164,118.705904
1.0,164,118.705904
1.0,164,119.419629
0.0,164,119.419629
1.0,164,119.419629
0.0,164,119.813051
1.0,164,119.813051
1.0,164,119.813051
1.0,164,120.079308
0.0,164,120.079308
0.0,164,120.079308
0.0,164,120.079308
0.0,164,120.079308
1.0,164,120.079308
1.0,184,120.438186
0.0,184,120.438186
1.0,184,120.438186
2.0,184,120.864915
1.0,184,120.864915
1.0,184,120.864915
0.0,164,121.208059
1.0,164,121.208059
0.0,164,121.208059
3.0,204,122.237741
1.0,204,122.237741
1.0,204,122.237741
1.0,164,122.645546
0.0,164,122.645546
1.0,164,122.645546
1.0,204,122.936698
0.0,204,122.936698
3.0,204,122.936698
0.0,164,122.936698
0.0,164,122.936698
0.0,164,122.936698
0.0,164,123.282666
0.0,164,123.282666
0.0,164,123.282666
2.0,184,123.282666
0.0,184,123.282666
2.0,184,123.282666
2.0,164,123.704496
1.0,164,123.704496
0.0,164,123.704496
1.0,184,124.364444
0.0,184,124.364444
1.0,184,124.364444
0.0,164,125.084118
0.0,164,125.084118
2.0,164,125.084118
0.0,164,125.494732
0.0,164,125.494732
0.0,164,125.494732
1.0,164,125.760355
1.0,164,125.760355
2.0,164,125.760355
1.0,164,126.10345
0.0,164,126.10345
1.0,164,126.10345
1.0,164,126.10345
0.0,164,126.10345
0.0,164,126.10345
1.0,164,126.524399
1.0,164,126.524399
3.0,164,126.524399
1.0,244,127.131016
0.0,244,127.131016
3.0,244,127.131016
0.0,164,127.193517
1.0,164,127.193517
0.0,164,127.193517
0.0,184,128.22689
1.0,184,128.22689
2.0,184,128.22689
1.0,184,128.646579
0.0,184,128.646579
2.0,184,128.646579
1.0,164,128.91216
1.0,164,128.91216
0.0,164,128.91216
2.0,164,128.91216
0.0,164,128.91216
1.0,164,128.91216
1.0,204,129.2546
0.0,204,129.2546
2.0,204,129.2546
1.0,184,129.66363
0.0,184,129.66363
1.0,184,129.66363
0.0,164,129.954379
0.0,164,129.954379
0.0,164,129.954379
2.0,184,130.355025
0.0,184,130.355025
4.0,184,130.355025
1.0,164,131.470235
0.0,164,131.470235
1.0,164,131.470235
1.0,164,131.760277
0.0,164,131.760277
0.0,164,131.760277
0.0,164,131.760277
1.0,164,131.760277
0.0,164,131.760277
1.0,224,132.141084
0.0,224,132.141084
3.0,224,132.141084
0.0,164,132.847062
0.0,164,132.847062
0.0,164,132.847062
1.0,204,132.847062
0.0,204,132.847062
2.0,204,132.847062
1.0,184,132.909569
0.0,184,132.909569
1.0,184,132.909569
2.0,164,133.245636
0.0,164,133.245636
0.0,164,133.245636
0.0,164,134.373109
0.0,164,134.373109
0.0,164,134.373109
2.0,164,134.638728
0.0,164,134.638728
1.0,164,134.638728
0.0,164,134.638728
0.0,164,134.638728
1.0,164,134.638728
0.0,164,134.989253
2.0,164,134.989253
0.0,164,134.989253
1.0,164,135.759881
0.0,164,135.759881
0.0,164,135.759881
1.0,164,135.759881
0.0,164,135.759881
0.0,164,135.759881
1.0,164,135.838007
0.0,164,135.838007
0.0,164,135.838007
0.0,164,136.197381
1.0,164,136.197381
0.0,164,136.197381
1.0,164,137.353767
0.0,164,137.353767
1.0,164,137.353767
0.0,164,137.635579
0.0,164,137.635579
1.0,164,137.635579
0.0,164,137.635579
0.0,164,137.635579
2.0,164,137.635579
0.0,164,137.979335
0.0,164,137.979335
3.0,164,137.979335
0.0,164,138.72934
1.0,164,138.72934
1.0,164,138.72934
1.0,184,139.011093
0.0,184,139.011093
2.0,184,139.011093
1.0,164,139.073591
0.0,164,139.073591
0.0,164,139.073591
1.0,204,139.354841
1.0,204,139.354841
2.0,204,139.354841
0.0,164,140.288313
0.0,164,140.288313
2.0,164,140.288313
1.0,164,140.636462
0.0,164,140.636462
2.0,164,140.636462
1.0,164,140.636462
0.0,164,140.636462
1.0,164,140.636462
1.0,204,141.806349
2.0,204,141.806349
1.0,204,141.806349
1.0,164,141.873351
0.0,164,141.873351
3.0,164,141.873351
1.0,164,142.15164
0.0,164,142.15164
2.0,164,142.15164
3.0,164,142.217169
0.0,164,142.217169
1.0,164,142.217169
1.0,184,142.871587
1.0,184,142.871587
3.0,184,142.871587
1.0,164,143.35468
0.0,164,143.35468
2.0,164,143.35468
0.0,184,144.225764
0.0,184,144.225764
1.0,184,144.225764
1.0,184,144.225764
0.0,184,144.225764
1.0,184,144.225764
1.0,164,145.080972
0.0,164,145.080972
0.0,164,145.080972
1.0,164,145.169041
0.0,164,145.169041
0.0,164,145.169041
2.0,164,145.477415
0.0,164,145.477415
1.0,164,145.477415
0.0,184,145.922187
1.0,184,145.922187
1.0,184,145.922187
1.0,164,146.211227
0.0,164,146.212228
1.0,164,146.212228
0.0,164,146.715034
0.0,164,146.715034
2.0,164,146.715034
1.0,184,147.689018
1.0,184,147.689018
1.0,184,147.689018
2.0,164,148.036407
0.0,164,148.036407
0.0,164,148.036407
2.0,164,148.098301
0.0,164,148.098301
1.0,164,148.098301
0.0,164,148.363934
0.0,164,148.363934
1.0,164,148.363934
2.0,244,148.695368
0.0,244,148.695368
6.0,244,148.695368
3.0,164,148.757918
0.0,164,148.757918
1.0,164,148.757918
1.0,164,149.034745
0.0,164,149.034745
2.0,164,149.034745
1.0,164,149.526602
0.0,164,149.526602
1.0,164,149.526602
2.0,184,150.889527
1.0,184,150.889527
2.0,184,150.889527
0.0,164,150.968258
0.0,164,150.968258
0.0,164,150.968258
0.0,164,151.250578
0.0,164,151.250578
0.0,164,151.250578
2.0,184,151.250578
0.0,184,151.250578
1.0,184,151.250578
0.0,164,151.617982
1.0,164,151.617982
0.0,164,151.617982
1.0,164,151.680525
0.0,164,151.680525
0.0,164,151.680525
0.0,164,151.955535
1.0,164,151.955535
0.0,164,151.955535
2.0,224,153.541413
2.0,224,153.541413
3.0,224,153.541413
2.0,164,153.839569
0.0,164,153.839569
1.0,164,153.839569
1.0,164,153.915966
1.0,164,153.915966
0.0,164,153.915966
0.0,164,154.212148
0.0,164,154.212148
1.0,164,154.212148
1.0,184,154.562241
0.0,184,154.562241
1.0,184,154.562241
1.0,164,154.917528
1.0,164,154.917528
1.0,164,154.917528
3.0,184,154.98753
1.0,184,154.98753
0.0,184,154.98753
2.0,204,155.25931
0.0,204,155.25931
4.0,204,155.25931
0.0,164,156.438644
0.0,164,156.438644
2.0,164,156.438644
1.0,164,156.721056
0.0,164,156.721056
1.0,164,156.721056
0.0,164,157.074687
2.0,164,157.074687
0.0,164,157.074687
1.0,184,157.140897
0.0,184,157.140897
2.0,184,157.140897
0.0,164,157.405872
0.0,164,157.405872
3.0,164,157.405872
0.0,164,157.756545
0.0,164,157.756545
1.0,164,157.756545
0.0,164,158.103155
2.0,164,158.103155
2.0,164,158.103155
1.0,184,158.170156
0.0,184,158.170156
2.0,184,158.170156
1.0,164,159.550502
0.0,164,159.550502
0.0,164,159.550502
0.0,164,159.891817
0.0,164,159.891817
2.0,164,159.891817
0.0,204,159.95288
1.0,204,159.95288
2.0,204,159.95288
1.0,164,159.95288
0.0,164,159.95288
1.0,164,159.95288
0.0,164,160.232459
0.0,164,160.232459
1.0,164,160.232459
2.0,164,160.571307
0.0,164,160.571307
1.0,164,160.571307
2.0,164,160.925996
0.0,164,160.925996
0.0,164,160.925996
1.0,164,161.005996
1.0,164,161.005996
0.0,164,161.005996
0.0,164,162.739992
1.0,164,162.739992
0.0,164,162.739992
1.0,184,162.739992
1.0,184,162.739992
2.0,184,162.739992
1.0,164,162.802484
1.0,164,162.802484
1.0,164,162.802484
0.0,164,163.083732
0.0,164,163.083732
0.0,164,163.083732
0.0,164,163.427866
0.0,164,163.427866
1.0,164,163.427866
0.0,204,163.49037
1.0,204,163.49037
4.0,204,163.49037
1.0,164,163.844979
0.0,164,163.844979
0.0,164,163.844979
0.0,204,164.475972
1.0,204,164.475972
5.0,204,164.475972
0.0,164,165.5928
0.0,164,165.5928
1.0,164,165.5928
2.0,164,165.5928
0.0,164,165.5928
0.0,164,165.5928
0.0,164,165.935974
0.0,164,165.93767
1.0,164,165.93767
1.0,184,166.007135
0.0,184,166.007135
4.0,184,166.007135
1.0,164,166.345911
1.0,164,166.345911
2.0,164,166.345911
2.0,184,166.803596
0.0,184,166.803596
2.0,184,166.803596
1.0,164,166.803596
1.0,164,166.803596
1.0,164,166.803596
1.0,164,167.436101
0.0,164,167.436101
1.0,164,167.436101
0.0,164,168.588401
0.0,164,168.588401
0.0,164,168.588401
1.0,164,169.022029
0.0,164,169.022029
0.0,164,169.022029
1.0,164,169.30821
0.0,164,169.30821
2.0,164,169.30821
2.0,204,169.30821
1.0,204,169.30821
2.0,204,169.30821
1.0,184,169.30821
0.0,184,169.30821
1.0,184,169.30821
1.0,164,169.739
0.0,164,169.739
1.0,164,169.739
0.0,164,169.739
1.0,164,169.739
0.0,164,169.739
1.0,164,170.371463
0.0,164,170.371463
0.0,164,170.371463
0.0,184,171.869189
1.0,184,171.869189
0.0,184,171.869189
0.0,164,171.931688
1.0,164,171.931688
1.0,164,171.931688
2.0,164,172.212945
0.0,164,172.212945
1.0,164,172.212945
0.0,164,172.212945
1.0,164,172.212945
0.0,164,172.212945
0.0,184,172.608977
1.0,184,172.608977
1.0,184,172.608977
1.0,164,172.699791
1.0,164,172.699791
0.0,164,172.699791
2.0,184,173.67134
0.0,184,173.67134
1.0,184,173.67134
2.0,224,173.737374
0.0,224,173.737374
4.0,224,173.737374
1.0,184,175.095292
0.0,184,175.095292
1.0,184,175.095292
1.0,164,175.095292
0.0,164,175.095292
1.0,164,175.095292
1.0,184,175.165971
0.0,184,175.165971
1.0,184,175.165971
0.0,164,175.426434
0.0,164,175.426434
1.0,164,175.426434
1.0,184,175.426434
1.0,184,175.426434
0.0,184,175.426434
1.0,164,175.490878
1.0,164,175.490878
1.0,164,175.490878
0.0,164,176.433682
2.0,164,176.433682
1.0,164,176.433682
1.0,164,176.511807
0.0,164,176.511807
0.0,164,176.511807
2.0,164,177.900846
0.0,164,177.900846
1.0,164,177.900846
1.0,164,177.978053
0.0,164,177.978053
1.0,164,177.978053
0.0,184,178.249487
1.0,184,178.249487
1.0,184,178.249487
0.0,164,178.249487
1.0,164,178.249487
0.0,164,178.249487
1.0,164,178.302421
0.0,164,178.302421
1.0,164,178.302421
3.0,204,178.940179
1.0,204,178.940179
1.0,204,178.940179
0.0,184,179.665626
1.0,184,179.665626
3.0,184,179.665626
3.0,204,180.108387
0.0,204,180.108387
2.0,204,180.108387
0.0,164,180.819167
0.0,164,180.819167
0.0,164,180.819167
0.0,164,180.897294
0.0,164,180.897294
0.0,164,180.897294
0.0,164,181.176943
0.0,164,181.176943
1.0,164,181.176943
0.0,184,181.549345
1.0,184,181.549345
0.0,184,181.549345
1.0,184,181.611852
0.0,184,181.611852
0.0,184,181.611852
1.0,164,181.894666
0.0,164,181.894666
0.0,164,181.894666
1.0,184,182.957949
0.0,184,182.957949
3.0,184,182.957949
1.0,164,183.023946
2.0,164,183.023946
2.0,164,183.023946
1.0,164,183.730621
1.0,164,183.730621
1.0,164,183.730621
1.0,164,184.07048
0.0,164,184.07048
0.0,164,184.07048
2.0,184,184.153967
0.0,184,184.153967
2.0,184,184.153967
0.0,164,184.434255
1.0,164,184.434255
2.0,164,184.434255
2.0,184,184.85793
0.0,184,184.85793
2.0,184,184.85793
1.0,184,185.124817
0.0,184,185.124817
2.0,184,185.124817
2.0,184,186.375531
1.0,184,186.375531
1.0,184,186.375531
1.0,164,187.196966
0.0,164,187.196966
0.0,164,187.196966
1.0,184,187.196966
0.0,184,187.196966
1.0,184,187.196966
2.0,184,187.636079
1.0,184,187.636079
1.0,184,187.636079
1.0,184,187.944299
0.0,184,187.944299
1.0,184,187.944299
1.0,164,188.035839
1.0,164,188.035839
0.0,164,188.035839
2.0,284,188.313771
1.0,284,188.313771
3.0,284,188.313771
1.0,164,188.313771
0.0,164,188.313771
1.0,164,188.313771
0.0,164,189.344876
0.0,164,189.344876
2.0,164,189.344876
0.0,164,190.124136
0.0,164,190.124136
1.0,164,190.124136
0.0,164,190.124136
0.0,164,190.124136
1.0,164,190.124136
0.0,164,190.853369
0.0,164,190.853369
1.0,164,190.853369
1.0,184,190.945401
0.0,184,190.945401
1.0,184,190.945401
0.0,164,190.945401
0.0,164,190.945401
2.0,164,190.945401
0.0,164,191.227828
1.0,164,191.227828
1.0,164,191.227828
1.0,184,191.592406
1.0,184,191.592406
1.0,184,191.592406
0.0,164,192.328479
0.0,164,192.328479
0.0,164,192.328479
1.0,164,193.098965
0.0,164,193.098965
1.0,164,193.098965
2.0,184,193.45529
1.0,184,193.45529
1.0,184,193.45529
0.0,164,193.815316
2.0,164,193.815316
0.0,164,193.815316
1.0,164,193.887806
1.0,164,193.887806
1.0,164,193.887806
1.0,164,193.887806
0.0,164,193.887806
0.0,164,193.887806
0.0,164,194.135468
0.0,164,194.135468
0.0,164,194.135468
1.0,164,194.493122
0.0,164,194.493122
1.0,164,194.493122
0.0,164,195.171879
0.0,164,195.171879
1.0,164,195.171879
0.0,164,196.28206
0.0,164,196.28206
1.0,164,196.28206
0.0,164,196.639269
0.0,164,196.639269
2.0,164,196.639269
0.0,204,196.639269
0.0,204,196.639269
3.0,204,196.639269
0.0,184,197.079574
0.0,184,197.079574
1.0,184,197.079574
0.0,164,197.356598
0.0,164,197.356598
1.0,164,197.356598
2.0,224,197.800001
2.0,224,197.800001
2.0,224,197.800001
2.0,224,198.068815
0.0,224,198.068815
3.0,224,198.068815
0.0,184,198.406683
0.0,184,198.406683
2.0,184,198.406683
1.0,164,199.574495
0.0,164,199.574495
1.0,164,199.574495
1.0,184,199.939206
1.0,184,199.939206
2.0,184,199.939206
1.0,164,200.002681
0.0,164,200.002681
0.0,164,200.002681
1.0,164,200.272464
0.0,164,200.272464
0.0,164,200.272464
1.0,244,200.585411
1.0,244,200.585411
4.0,244,200.585411
0.0,164,200.663533
0.0,164,200.663533
1.0,164,200.663533
0.0,184,201.270767
0.0,184,201.270767
1.0,184,201.270767
0.0,164,201.270767
0.0,164,201.270767
1.0,164,201.270767
0.0,164,202.429143
2.0,164,202.429143
0.0,164,202.429143
0.0,164,202.783826
1.0,164,202.783826
0.0,164,202.783826
2.0,164,202.846329
1.0,164,202.846329
1.0,164,202.846329
1.0,164,203.535256
0.0,164,203.535256
0.0,164,203.535256
1.0,164,203.629015
0.0,164,203.629015
1.0,164,203.629015
1.0,164,204.220905
0.0,164,204.221906
3.0,164,204.221906
1.0,224,204.221906
0.0,224,204.221906
3.0,224,204.221906
1.0,164,204.221906
2.0,164,204.221906
0.0,164,204.221906
1.0,164,205.30449
0.0,164,205.30449
1.0,164,205.30449
1.0,164,205.710803
0.0,164,205.710803
1.0,164,205.710803
1.0,164,206.314858
0.0,164,206.314858
2.0,164,206.314858
0.0,164,206.377315
0.0,164,206.377315
1.0,164,206.377315
2.0,224,206.685178
0.0,224,206.685178
3.0,224,206.685178
2.0,164,207.074988
1.0,164,207.074988
1.0,164,207.074988
2.0,164,207.074988
1.0,164,207.074988
0.0,164,207.074988
0.0,184,207.418832
0.0,184,207.418832
3.0,184,207.418832
0.0,164,208.20054
0.0,164,208.20054
2.0,164,208.20054
1.0,164,208.638071
2.0,164,208.638071
0.0,164,208.638071
1.0,164,209.263071
0.0,164,209.263071
2.0,164,209.263071
1.0,164,209.341188
1.0,164,209.341188
1.0,164,209.341188
0.0,184,209.997499
0.0,184,209.997499
3.0,184,209.997499
1.0,164,209.997499
1.0,164,209.997499
1.0,164,209.997499
0.0,164,209.997499
1.0,164,209.997499
0.0,164,209.997499
2.0,184,210.716252
0.0,184,210.716252
1.0,184,210.716252
0.0,184,211.466377
1.0,184,211.466377
1.0,184,211.466377
0.0,164,211.528872
2.0,164,211.528872
0.0,164,211.528872
0.0,164,212.174134
1.0,164,212.174134
1.0,164,212.174134
1.0,164,212.877928
0.0,164,212.877928
3.0,164,212.877928
2.0,164,212.877928
0.0,164,212.877928
0.0,164,212.877928
2.0,224,213.252935
1.0,224,213.252935
2.0,224,213.252935
2.0,204,213.534177
0.0,204,213.534177
1.0,204,213.534177
0.0,164,214.284251
0.0,164,214.284251
0.0,164,214.284251
1.0,164,214.362378
0.0,164,214.362378
2.0,164,214.362378
1.0,164,215.05865
0.0,164,215.059669
0.0,164,215.059669
3.0,264,215.372741
0.0,264,215.372741
4.0,264,215.372741
0.0,164,215.8016
0.0,164,215.8016
2.0,164,215.8016
2.0,184,216.176816
1.0,184,216.176816
2.0,184,216.176816
2.0,184,216.890171
0.0,184,216.890171
2.0,184,216.890171
0.0,164,217.346488
0.0,164,217.346488
0.0,164,217.346488
0.0,164,217.420527
1.0,164,217.420527
0.0,164,217.420527
1.0,244,217.707856
0.0,244,217.707856
4.0,244,217.707856
1.0,164,218.052089
2.0,164,218.052089
2.0,164,218.052089
1.0,184,218.695778
0.0,184,218.695778
1.0,184,218.695778
1.0,164,218.759464
1.0,164,218.760467
1.0,164,218.760467
0.0,164,219.103485
0.0,164,219.103485
0.0,164,219.103485
0.0,164,219.826471
0.0,164,219.826471
0.0,164,219.826471
1.0,164,220.236022
0.0,164,220.236022
2.0,164,220.236022
0.0,164,220.572904
0.0,164,220.572904
2.0,164,220.572904
0.0,164,220.942726
0.0,164,220.942726
0.0,164,220.942726
2.0,204,221.005709
1.0,204,221.005709
2.0,204,221.005709
1.0,184,221.91283
0.0,184,221.91283
2.0,184,221.91283
0.0,184,221.979383
1.0,184,221.979383
1.0,184,221.979383
0.0,204,222.685437
0.0,204,222.685504
3.0,204,222.685504
0.0,164,223.088881
1.0,164,223.088881
1.0,164,223.088881
1.0,164,223.446098
1.0,164,223.446098
3.0,164,223.446098
1.0,224,223.735001
1.0,224,223.735001
4.0,224,223.735001
0.0,164,223.802549
0.0,164,223.802549
1.0,164,223.802549
0.0,164,223.870469
1.0,164,223.870469
1.0,164,223.870469
0.0,164,224.779549
0.0,164,224.779549
1.0,164,224.779549
1.0,164,224.842437
0.0,164,224.842437
0.0,164,224.842437
0.0,164,225.569099
0.0,164,225.569099
1.0,164,225.569099
0.0,164,225.968431
0.0,164,225.968431
0.0,164,225.968431
2.0,164,226.318102
0.0,164,226.318102
0.0,164,226.318102
0.0,164,226.601727
0.0,164,226.601727
2.0,164,226.601727
0.0,164,226.665632
1.0,164,226.665632
0.0,164,226.665632
0.0,164,226.727326
0.0,164,226.727326
2.0,164,226.727326
1.0,164,227.58094
0.0,164,227.58094
2.0,164,227.58094
0.0,164,227.64383
0.0,164,227.64383
1.0,164,227.64383
0.0,184,228.690062
3.0,184,228.690062
1.0,184,228.690062
0.0,164,228.761308
1.0,164,228.761308
1.0,164,228.761308
0.0,164,229.426704
0.0,164,229.426704
2.0,164,229.426704
1.0,184,229.507697
0.0,184,229.507697
1.0,184,229.507697
2.0,164,229.507697
0.0,164,229.507697
0.0,164,229.507697
0.0,164,229.579177
0.0,164,229.579177
2.0,164,229.579177
0.0,164,230.476816
1.0,164,230.476816
2.0,164,230.477817
0.0,164,230.54496
0.0,164,230.54496
0.0,164,230.54496
0.0,164,231.532553
1.0,164,231.532553
3.0,164,231.532553
0.0,164,231.595641
0.0,164,231.595641
1.0,164,231.595641
1.0,164,232.242363
0.0,164,232.242363
0.0,164,232.242363
0.0,164,232.299502
0.0,164,232.299502
1.0,164,232.299502
1.0,164,232.377631
0.0,164,232.377631
0.0,164,232.377631
4.0,184,232.679529
0.0,184,232.679529
0.0,184,232.679529
3.0,164,233.3188
0.0,164,233.3188
0.0,164,233.3188
1.0,164,233.386988
0.0,164,233.386988
0.0,164,233.386988
2.0,164,234.482175
0.0,164,234.482175
1.0,164,234.482175
1.0,164,234.556355
0.0,164,234.556355
1.0,164,234.556355
0.0,164,235.172967
0.0,164,235.172967
1.0,164,235.172967
1.0,184,235.660166
0.0,184,235.660166
1.0,184,235.660166
2.0,204,236.275975
0.0,204,236.275975
1.0,204,236.275975
1.0,184,236.553218
0.0,184,236.553218
3.0,184,236.553218
3.0,244,236.623912
0.0,244,236.623912
4.0,244,236.623912
2.0,164,237.286295
0.0,164,237.286295
2.0,164,237.286295
2.0,164,237.368167
0.0,164,237.368167
0.0,164,237.368167
0.0,244,237.638761
0.0,244,237.638761
5.0,244,237.638761
1.0,164,237.998154
0.0,164,237.998154
1.0,164,237.998154
1.0,184,238.858392
0.0,184,238.858392
0.0,184,238.858392
3.0,164,239.123099
0.0,164,239.123099
0.0,164,239.123099
0.0,164,239.384735
0.0,164,239.384735
1.0,164,239.384735
1.0,164,239.452962
2.0,164,239.452962
0.0,164,239.452962
1.0,164,240.168554
0.0,164,240.168554
1.0,164,240.168554
0.0,164,240.499171
0.0,164,240.499171
2.0,164,240.499171
1.0,184,240.562067
0.0,184,240.562067
2.0,184,240.562067
2.0,184,241.174893
0.0,184,241.174893
1.0,184,241.174893
1.0,164,241.647793
0.0,164,241.663421
1.0,164,241.663421
3.0,204,242.613896
0.0,204,242.613896
2.0,204,242.613896
3.0,204,242.921627
2.0,204,242.921627
0.0,204,242.921627
0.0,164,243.003666
0.0,164,243.004668
1.0,164,243.004668
2.0,224,243.358007
1.0,224,243.358007
4.0,224,243.358007
0.0,184,243.698838
0.0,184,243.698838
2.0,184,243.698838
1.0,184,243.761731
0.0,184,243.761731
1.0,184,243.761731
1.0,164,244.049936
0.0,164,244.049936
1.0,164,244.049936
3.0,184,244.905784
0.0,184,244.905784
0.0,184,244.905784
0.0,164,245.50589
0.0,164,245.50589
0.0,164,245.50589
1.0,164,245.834379
1.0,164,245.834379
2.0,164,245.834379
1.0,184,246.110729
1.0,184,246.110729
2.0,184,246.110729
0.0,184,246.49142
0.0,184,246.506427
1.0,184,246.506427
2.0,184,246.835128
1.0,184,246.835128
1.0,184,246.835128
1.0,184,246.928023
0.0,184,246.928023
2.0,184,246.928023
1.0,164,247.66193
0.0,164,247.66193
1.0,164,247.66193
1.0,224,247.86866
0.0,224,247.86866
2.0,224,247.86866
0.0,164,248.286044
0.0,164,248.286044
1.0,164,248.286044
1.0,184,249.302728
0.0,184,249.302728
2.0,184,249.302728
0.0,204,249.373655
1.0,204,249.373655
4.0,204,249.373655
0.0,164,249.374655
0.0,164,249.374655
1.0,164,249.374655
0.0,164,249.782608
0.0,164,249.782608
3.0,164,249.782608
0.0,164,249.857878
0.0,164,249.857878
1.0,164,249.857878
2.0,164,250.654897
0.0,164,250.654897
1.0,164,250.654897
0.0,164,250.865983
0.0,164,250.865983
0.0,164,250.865983
1.0,164,251.271019
0.0,164,251.271019
0.0,164,251.271019
1.0,164,252.22919
0.0,164,252.22919
0.0,164,252.22919
0.0,164,252.648115
0.0,164,252.648115
0.0,164,252.648115
0.0,184,252.648115
1.0,184,252.648115
0.0,184,252.648115
0.0,184,252.648115
0.0,184,252.648115
1.0,184,252.648115
1.0,164,252.715501
0.0,164,252.715501
0.0,164,252.715501
0.0,164,253.481264
0.0,164,253.481264
1.0,164,253.481264
0.0,164,253.684059
0.0,164,253.684059
1.0,164,253.684059
0.0,164,254.105378
1.0,164,254.105378
1.0,164,254.105378
2.0,184,255.568405
1.0,184,255.568405
1.0,184,255.568405
2.0,164,255.637619
1.0,164,255.637619
0.0,164,255.637619
0.0,164,255.637619
0.0,164,255.637619
2.0,164,255.637619
0.0,164,255.637619
0.0,164,255.637619
1.0,164,255.637619
2.0,164,255.719434
0.0,164,255.719434
0.0,164,255.719434
3.0,164,256.45704
1.0,164,256.45704
0.0,164,256.45704
3.0,164,256.681414
0.0,164,256.681414
0.0,164,256.681414
0.0,164,257.07706
1.0,164,257.07706
1.0,164,257.07706
2.0,164,258.454247
0.0,164,258.454247
1.0,164,258.454247
0.0,164,258.518976
0.0,164,258.518976
2.0,164,258.518976
1.0,164,258.518976
0.0,164,258.518976
0.0,164,258.518976
0.0,164,258.518976
0.0,164,258.518976
2.0,164,258.518976
0.0,164,258.579907
1.0,164,258.579907
0.0,164,258.579907
0.0,164,259.562035
0.0,164,259.562035
1.0,164,259.562035
2.0,164,259.983037
0.0,164,259.983037
1.0,164,259.983037
0.0,204,260.069358
0.0,204,260.069358
2.0,204,260.069358
0.0,164,261.357158
0.0,164,261.357158
1.0,164,261.357158
0.0,164,261.423913
2.0,164,261.423913
0.0,164,261.423913
1.0,184,261.766048
0.0,184,261.766048
2.0,184,261.766048
2.0,184,261.839571
0.0,184,261.839571
3.0,184,261.839571
3.0,204,262.097653
0.0,204,262.097653
1.0,204,262.097653
0.0,164,262.456687
1.0,164,262.456687
0.0,164,262.456687
2.0,164,262.896932
0.0,164,262.896932
0.0,164,262.896932
0.0,164,262.965443
0.0,164,262.965443
1.0,164,262.965443
1.0,164,264.193338
0.0,164,264.193338
0.0,164,264.193338
0.0,164,264.256253
2.0,164,264.256253
0.0,164,264.256253
0.0,164,264.658584
0.0,164,264.658584
1.0,164,264.658584
1.0,184,265.123371
1.0,184,265.123371
0.0,184,265.123371
1.0,184,265.403235
0.0,184,265.403235
0.0,184,265.403235
0.0,164,265.846734
0.0,164,265.846734
1.0,164,265.846734
1.0,164,265.912518
0.0,164,265.912518
0.0,164,265.912518
2.0,224,266.44968
1.0,224,266.44968
3.0,224,266.44968
0.0,164,267.169509
0.0,164,267.169509
2.0,164,267.169509
0.0,164,267.592266
0.0,164,267.592266
0.0,164,267.592266
1.0,204,267.93459
0.0,204,267.93459
3.0,204,267.93459
2.0,164,268.005948
0.0,164,268.005948
0.0,164,268.005948
0.0,164,268.275592
1.0,164,268.275592
0.0,164,268.275592
0.0,164,268.724015
0.0,164,268.724015
1.0,164,268.724015
0.0,164,268.784496
0.0,164,268.784496
4.0,164,268.784496
0.0,164,269.327769
0.0,164,269.327769
0.0,164,269.327769
2.0,164,270.085529
1.0,164,270.085529
1.0,164,270.085529
0.0,164,270.523647
0.0,164,270.523647
1.0,164,270.523647
2.0,164,270.869651
0.0,164,270.869651
2.0,164,270.869651
0.0,164,270.953004
0.0,164,270.953004
1.0,164,270.953004
1.0,164,271.211485
0.0,164,271.211485
2.0,164,271.211485
1.0,164,271.618391
0.0,164,271.618391
1.0,164,271.618391
1.0,184,272.03819
1.0,184,272.03819
0.0,184,272.03819
0.0,184,272.602131
0.0,184,272.602131
2.0,184,272.602131
0.0,164,272.971905
0.0,164,272.971905
3.0,164,272.971905
2.0,164,273.394704
1.0,164,273.394704
1.0,164,273.394704
2.0,164,273.750592
0.0,164,273.750592
1.0,164,273.750592
1.0,164,273.818592
0.0,164,273.818592
1.0,164,273.818592
0.0,164,274.094301
0.0,164,274.094301
2.0,164,274.094301
0.0,164,274.530721
0.0,164,274.530721
1.0,164,274.530721
0.0,184,275.317003
2.0,184,275.317003
0.0,184,275.317003
0.0,164,275.558305
0.0,164,275.558305
1.0,164,275.558305
2.0,204,276.58371
0.0,204,276.58371
4.0,204,276.58371
0.0,164,276.646622
1.0,164,276.646622
0.0,164,276.646622
0.0,164,276.724866
0.0,164,276.724866
1.0,164,276.724866
1.0,204,276.984534
1.0,204,276.984534
2.0,204,276.984534
1.0,164,276.984534
0.0,164,276.984534
1.0,164,276.984534
2.0,164,277.361111
1.0,164,277.361111
0.0,164,277.361111
1.0,164,278.325392
0.0,164,278.325392
1.0,164,278.325392
1.0,184,278.466479
0.0,184,278.466479
1.0,184,278.466479
1.0,164,279.411625
1.0,164,279.411625
0.0,164,279.411625
0.0,164,279.488801
0.0,164,279.488801
2.0,164,279.488801
1.0,164,279.875507
1.0,164,279.875507
1.0,164,279.875507
0.0,164,279.875507
0.0,164,279.875507
1.0,164,279.875507
3.0,204,280.297932
1.0,204,280.297932
2.0,204,280.297932
1.0,184,280.667386
0.0,184,280.667386
2.0,184,280.667386
1.0,184,281.644474
1.0,184,281.644474
2.0,184,281.644474
2.0,184,281.779963
0.0,184,281.779963
1.0,184,281.779963
0.0,164,282.34152
0.0,164,282.34152
0.0,164,282.34152
0.0,164,282.408557
0.0,164,282.408557
0.0,164,282.408557
1.0,164,282.75714
0.0,164,282.75714
0.0,164,282.75714
2.0,164,282.75714
1.0,164,282.75714
0.0,164,282.75714
0.0,164,283.202023
0.0,164,283.202023
1.0,164,283.202023
0.0,164,283.544241
0.0,164,283.544241
0.0,164,283.544241
0.0,164,284.650537
0.0,164,284.650537
0.0,164,284.650537
0.0,184,284.860021
0.0,184,284.860021
2.0,184,284.860021
2.0,184,285.586404
0.0,184,285.586404
1.0,184,285.586404
2.0,184,285.664938
1.0,184,285.664938
1.0,184,285.664938
1.0,164,285.664938
0.0,164,285.664938
0.0,164,285.664938
1.0,184,286.031054
0.0,184,286.031054
1.0,184,286.031054
1.0,184,286.481403
1.0,184,286.481403
0.0,184,286.481403
1.0,204,287.151201
1.0,204,287.151201
2.0,204,287.151201
0.0,164,287.571418
1.0,164,287.571418
1.0,164,287.571418
0.0,184,288.135786
1.0,184,288.135786
2.0,184,288.135786
0.0,164,288.476587
0.0,164,288.476587
1.0,164,288.476587
0.0,164,288.539099
1.0,164,288.539099
0.0,164,288.539099
1.0,164,288.539099
0.0,164,288.539099
1.0,164,288.539099
0.0,164,288.868887
0.0,164,288.868887
1.0,164,288.868887
1.0,164,289.261364
2.0,164,289.261364
1.0,164,289.261364
1.0,184,290.406212
1.0,184,290.406212
0.0,184,290.406212
0.0,164,290.484735
2.0,164,290.484735
1.0,164,290.484735
1.0,164,291.048728
0.0,164,291.048728
1.0,164,291.048728
2.0,164,291.375618
0.0,164,291.375618
0.0,164,291.375618
0.0,164,291.458251
0.0,164,291.458251
0.0,164,291.458251
3.0,184,291.814764
0.0,184,291.814764
1.0,184,291.814764
0.0,164,291.814764
0.0,164,291.814764
2.0,164,291.814764
1.0,164,292.222102
1.0,164,292.222102
1.0,164,292.222102
0.0,164,293.305356
0.0,164,293.305356
1.0,164,293.305356
0.0,164,293.838073
0.0,164,293.838073
2.0,164,293.838073
0.0,164,294.167771
2.0,164,294.167771
0.0,164,294.167771
0.0,164,294.245903
0.0,164,294.245903
2.0,164,294.245903
2.0,224,294.245903
0.0,224,294.245903
4.0,224,294.245903
1.0,184,294.98361
0.0,184,294.98361
2.0,184,294.98361
1.0,204,295.339067
0.0,204,295.340067
4.0,204,295.340067
1.0,184,295.400305
0.0,184,295.400305
0.0,184,295.400305
0.0,164,296.187135
0.0,164,296.187135
1.0,164,296.187135
1.0,164,297.14146
0.0,164,297.14146
0.0,164,297.14146
1.0,164,297.215691
0.0,164,297.215691
0.0,164,297.215691
0.0,204,297.483617
0.0,204,297.483617
4.0,204,297.483617
1.0,184,297.551102
1.0,184,297.551102
1.0,184,297.551102
1.0,164,297.90884
0.0,164,297.90884
0.0,164,297.90884
0.0,164,298.339324
1.0,164,298.339324
2.0,164,298.339324
1.0,184,298.618494
2.0,184,298.618494
0.0,184,298.618494
2.0,204,299.839015
1.0,204,299.840014
1.0,204,299.840014
0.0,164,300.158815
0.0,164,300.158815
1.0,164,300.158815
1.0,164,300.551093
0.0,164,300.551093
1.0,164,300.551093
2.0,204,300.840845
0.0,204,300.840845
0.0,204,300.840845
0.0,164,300.915352
0.0,164,300.915352
0.0,164,300.915352
2.0,204,301.20389
0.0,204,301.20389
2.0,204,301.20489
0.0,164,301.334625
1.0,164,301.334625
0.0,164,301.334625
0.0,164,301.62218
1.0,164,301.62218
0.0,164,301.62218
1.0,164,302.861228
0.0,164,302.861228
1.0,164,302.861228
0.0,164,303.158303
0.0,164,303.158303
2.0,164,303.158303
1.0,164,303.52742
0.0,164,303.52742
0.0,164,303.52742
1.0,184,304.162122
0.0,184,304.162122
1.0,184,304.162122
1.0,184,304.242902
1.0,184,304.242902
1.0,184,304.242902
1.0,184,304.525274
0.0,184,304.525274
2.0,184,304.525274
2.0,164,304.586482
0.0,164,304.586482
2.0,164,304.586482
1.0,204,305.033193
1.0,204,305.033193
1.0,204,305.033193
1.0,164,305.863451
0.0,164,305.863451
0.0,164,305.863451
2.0,164,306.15083
0.0,164,306.15083
0.0,164,306.15083
0.0,164,307.213818
1.0,164,307.213818
1.0,164,307.213818
1.0,204,307.2872
0.0,204,307.2872
2.0,204,307.2872
0.0,164,307.2872
0.0,164,307.2872
1.0,164,307.2872
0.0,164,307.633318
0.0,164,307.633318
0.0,164,307.633318
1.0,184,308.387003
1.0,184,308.387003
1.0,184,308.387003
2.0,224,308.586006
0.0,224,308.586006
3.0,224,308.586006
1.0,164,308.786472
1.0,164,308.786472
1.0,164,308.786472
1.0,184,309.430339
1.0,184,309.430339
2.0,184,309.430339
0.0,164,310.108386
0.0,164,310.108386
2.0,164,310.108386
1.0,164,310.18308
0.0,164,310.18308
0.0,164,310.18308
2.0,164,310.18308
0.0,164,310.18308
1.0,164,310.18308
1.0,164,310.570316
0.0,164,310.570316
1.0,164,310.570316
1.0,164,311.384958
0.0,164,311.384958
0.0,164,311.384958
0.0,164,311.605617
0.0,164,311.605617
0.0,164,311.605617
0.0,164,312.424937
0.0,164,312.424937
2.0,164,312.424937
0.0,204,312.495543
1.0,204,312.495543
3.0,204,312.495543
0.0,164,313.063178
0.0,164,313.063178
0.0,164,313.063178
1.0,164,313.140957
0.0,164,313.140957
2.0,164,313.140957
1.0,164,313.140957
0.0,164,313.140957
0.0,164,313.140957
0.0,164,313.501467
0.0,164,313.501467
0.0,164,313.501467
2.0,164,314.302412
0.0,164,314.302412
1.0,164,314.302412
1.0,184,314.887173
0.0,184,314.887173
0.0,184,314.887173
0.0,164,315.394998
0.0,164,315.394998
1.0,164,315.394998
1.0,164,315.478282
0.0,164,315.478282
0.0,164,315.478282
2.0,164,316.039257
0.0,164,316.039257
0.0,164,316.039257
0.0,164,316.102203
1.0,164,316.102203
0.0,164,316.102203
1.0,164,316.102203
0.0,164,316.102203
0.0,164,316.102203
0.0,164,316.416409
2.0,164,316.416409
1.0,164,316.416409
0.0,184,317.584377
1.0,184,317.584377
1.0,184,317.584377
1.0,164,317.785851
0.0,164,317.785851
0.0,164,317.785851
0.0,164,318.297929
0.0,164,318.297929
0.0,164,318.297929
3.0,164,318.367584
0.0,164,318.368584
0.0,164,318.368584
0.0,164,318.999942
0.0,164,318.999942
1.0,164,318.999942
1.0,184,319.352627
1.0,184,319.352627
3.0,184,319.352627
0.0,164,319.352627
0.0,164,319.352627
2.0,164,319.352627
3.0,224,319.951565
0.0,224,319.951565
2.0,224,319.951565
1.0,184,320.786476
0.0,184,320.786476
2.0,184,320.786476
1.0,184,320.997751
0.0,184,320.997751
2.0,184,320.997751
0.0,164,321.13882
1.0,164,321.13882
0.0,164,321.13882
0.0,164,321.201708
1.0,164,321.201708
0.0,164,321.201708
0.0,164,321.813644
0.0,164,321.813644
1.0,164,321.813644
1.0,164,322.142968
0.0,164,322.142968
0.0,164,322.142968
0.0,184,322.503949
1.0,184,322.503949
2.0,184,322.503949
1.0,204,323.460902
1.0,204,323.460902
0.0,204,323.460902
0.0,164,323.58626
1.0,164,323.58626
1.0,164,323.58626
2.0,164,323.915617
0.0,164,323.915617
0.0,164,323.915617
0.0,164,323.99414
0.0,164,323.99414
2.0,164,323.99414
1.0,184,324.11994
0.0,184,324.11994
2.0,184,324.11994
1.0,164,324.591028
1.0,164,324.591028
2.0,164,324.591028
0.0,164,324.920407
1.0,164,324.920407
1.0,164,324.920407
1.0,184,325.626516
0.0,184,325.626516
1.0,184,325.626516
0.0,164,326.25879
0.0,164,326.25879
0.0,164,326.25879
0.0,164,326.763835
0.0,164,326.763835
0.0,164,326.763835
0.0,184,326.763835
0.0,184,326.763835
3.0,184,326.763835
1.0,164,326.826733
0.0,164,326.826733
0.0,164,326.826733
0.0,184,327.281954
1.0,184,327.281954
1.0,184,327.281954
2.0,164,327.752251
0.0,164,327.752251
2.0,164,327.752251
0.0,184,327.752251
2.0,184,327.752251
2.0,184,327.752251
1.0,164,328.411557
1.0,164,328.411557
1.0,164,328.411557
0.0,164,329.033369
0.0,164,329.033369
0.0,164,329.033369
0.0,164,329.519876
0.0,164,329.519876
1.0,164,329.519876
1.0,164,329.598398
0.0,164,329.598398
0.0,164,329.598398
2.0,164,330.145088
1.0,164,330.145088
0.0,164,330.145088
0.0,204,330.285162
0.0,204,330.285162
3.0,204,330.285162
0.0,164,330.644226
1.0,164,330.644226
0.0,164,330.644226
1.0,184,330.9996
0.0,184,330.9996
1.0,184,330.9996
0.0,164,331.333183
0.0,164,331.333183
0.0,164,331.333183
2.0,164,331.967577
0.0,164,331.967577
1.0,164,331.967577
2.0,164,332.532753
1.0,164,332.532753
0.0,164,332.532753
1.0,184,332.817724
0.0,184,332.817724
2.0,184,332.817724
1.0,184,333.385731
1.0,184,333.385731
2.0,184,333.385731
1.0,184,333.537068
1.0,184,333.537068
2.0,184,333.537068
1.0,164,333.537068
1.0,164,333.537068
0.0,164,333.537068
1.0,164,333.868169
0.0,164,333.868169
0.0,164,333.868169
0.0,184,334.56699
1.0,184,334.56699
3.0,184,334.56699
1.0,184,335.199655
0.0,184,335.199655
4.0,184,335.199655
1.0,164,335.699069
0.0,164,335.699069
3.0,164,335.700076
0.0,184,335.772662
1.0,184,335.772662
3.0,184,335.772662
0.0,164,336.416424
0.0,164,336.416424
1.0,164,336.416424
1.0,164,336.416424
0.0,164,336.416424
1.0,164,336.416424
1.0,184,336.632802
0.0,184,336.632802
2.0,184,336.632802
0.0,164,336.766192
0.0,164,336.766192
1.0,164,336.766192
0.0,164,338.125723
1.0,164,338.125723
1.0,164,338.125723
2.0,204,338.195149
0.0,204,338.195218
3.0,204,338.195218
1.0,164,338.600282
0.0,164,338.600282
2.0,164,338.600282
0.0,164,338.666242
1.0,164,338.666242
2.0,164,338.666242
0.0,164,339.273883
1.0,164,339.273883
1.0,164,339.273883
2.0,164,339.477245
0.0,164,339.477245
0.0,164,339.477245
1.0,184,339.616055
0.0,184,339.616055
1.0,184,339.616055
1.0,164,339.616055
0.0,164,339.616055
1.0,164,339.616055
0.0,164,340.934419
0.0,164,340.934419
2.0,164,340.934419
0.0,164,341.017186
0.0,164,341.017186
0.0,164,341.017186
0.0,164,341.416234
0.0,164,341.416234
0.0,164,341.416234
0.0,164,341.499473
0.0,164,341.499473
0.0,164,341.499473
1.0,164,342.133554
1.0,164,342.133554
0.0,164,342.133554
0.0,164,342.342164
1.0,164,342.342164
0.0,164,342.342164
0.0,164,342.483157
0.0,164,342.483157
1.0,164,342.483157
0.0,224,343.516062
2.0,224,343.516062
3.0,224,343.516062
3.0,164,343.800362
0.0,164,343.800362
0.0,164,343.800362
1.0,184,344.211771
0.0,184,344.211771
2.0,184,344.211771
0.0,164,344.266046
0.0,164,344.266046
1.0,164,344.266046
1.0,164,344.328984
0.0,164,344.328984
0.0,164,344.328984
0.0,164,344.949071
1.0,164,344.949071
0.0,164,344.949071
2.0,164,345.150301
1.0,164,345.150301
0.0,164,345.150301
1.0,164,345.300308
0.0,164,345.300308
0.0,164,345.300308
0.0,164,346.61697
0.0,164,346.61697
0.0,164,346.61697
2.0,184,346.69994
1.0,184,346.69994
0.0,184,346.69994
1.0,164,347.046817
0.0,164,347.046817
2.0,164,347.046817
0.0,164,347.18329
1.0,164,347.18329
0.0,164,347.18329
0.0,164,347.833825
0.0,164,347.833825
1.0,164,347.833825
1.0,204,347.833825
1.0,204,347.833825
1.0,204,347.833825
1.0,164,348.04709
1.0,164,348.04709
0.0,164,348.04709
0.0,164,348.172532
0.0,164,348.172532
0.0,164,348.172532
0.0,164,349.501189
0.0,164,349.501189
2.0,164,349.501189
0.0,164,349.825367
0.0,164,349.825367
2.0,164,349.825367
0.0,164,350.603492
0.0,164,350.603492
1.0,164,350.603492
0.0,164,350.603492
0.0,164,350.603492
1.0,164,350.603492
2.0,244,350.797413
2.0,244,350.797413
2.0,244,350.797413
0.0,224,350.985724
0.0,224,350.985724
4.0,224,350.985724
3.0,184,351.127405
0.0,184,351.127405
1.0,184,351.127405
0.0,204,351.605742
2.0,204,351.605742
2.0,204,351.605742
2.0,184,352.632258
1.0,184,352.632258
1.0,184,352.632258
2.0,164,353.41676
0.0,164,353.41676
0.0,164,353.41676
1.0,224,353.697589
0.0,224,353.697589
4.0,224,353.697589
0.0,184,353.776162
1.0,184,353.776162
2.0,184,353.776162
0.0,164,353.839181
0.0,164,353.839181
0.0,164,353.839181
1.0,184,353.980283
1.0,184,353.980283
1.0,184,353.980283
0.0,184,354.325541
0.0,184,354.325541
1.0,184,354.325541
1.0,164,354.451066
0.0,164,354.451066
1.0,164,354.451066
1.0,184,355.815474
3.0,184,355.815474
0.0,184,355.815474
1.0,164,356.250945
0.0,164,356.250945
2.0,164,356.250945
3.0,164,356.62609
0.0,164,356.62609
1.0,164,356.62609
0.0,164,356.850141
0.0,164,356.850141
0.0,164,356.850141
2.0,184,356.916762
2.0,184,356.916762
1.0,184,356.916762
1.0,184,357.070276
1.0,184,357.070276
3.0,184,357.070276
0.0,164,357.19994
1.0,164,357.19994
0.0,164,357.19994
1.0,164,357.358063
0.0,164,357.358063
1.0,164,357.358063
0.0,164,358.83325
0.0,164,358.83325
0.0,164,358.83325
0.0,164,359.832987
1.0,164,359.832987
1.0,164,359.832987
2.0,164,359.916547
0.0,164,359.916547
1.0,164,359.916547
3.0,184,359.982989
0.0,184,359.982989
2.0,184,359.982989
1.0,204,359.982989
1.0,204,359.982989
1.0,204,359.982989
0.0,164,360.049869
1.0,164,360.049869
0.0,164,360.049869
1.0,164,360.188483
0.0,164,360.188483
1.0,164,360.188483
1.0,184,360.649389
0.0,184,360.649389
2.0,184,360.649389
0.0,164,361.717417
0.0,164,361.717417
4.0,164,361.717417
0.0,164,362.749561
1.0,164,362.749561
2.0,164,362.749561
0.0,164,362.818548
0.0,164,362.818548
1.0,164,362.818548
2.0,164,362.880858
0.0,164,362.880858
0.0,164,362.880858
1.0,164,362.880858
1.0,164,362.880858
0.0,164,362.880858
0.0,164,362.948628
0.0,164,362.948628
1.0,164,362.948628
0.0,164,363.098445
0.0,164,363.098445
1.0,164,363.098445
1.0,164,363.589227
0.0,164,363.589227
1.0,164,363.589227
1.0,184,364.982161
2.0,184,364.982161
1.0,184,364.982161
0.0,164,365.715414
2.0,164,365.715414
0.0,164,365.715414
1.0,164,365.780777
0.0,164,365.780777
0.0,164,365.780777
1.0,164,365.911987
0.0,164,365.911987
0.0,164,365.911987
0.0,184,365.97488
1.0,184,365.97488
0.0,184,365.97488
2.0,184,366.053394
0.0,184,366.053394
0.0,184,366.053394
2.0,204,366.265159
0.0,204,366.265159
3.0,204,366.265159
2.0,164,366.40666
1.0,164,366.40666
0.0,164,366.40666
