#{"t_start": 1704569830.2565193, "env_id": "None"}
r,l,t
0.0,101,37.084765
0.0,101,37.084765
0.0,101,37.084765
0.0,101,37.084765
0.0,101,37.084765
0.0,101,37.084765
0.0,101,37.084765
0.0,101,37.084765
0.0,101,37.084765
0.0,101,37.084765
0.0,101,37.084765
0.0,101,37.084765
0.0,101,37.084765
0.0,101,37.084765
1.0,101,37.084765
0.0,101,37.084765
0.0,101,37.084765
0.0,101,37.084765
0.0,101,37.084765
0.0,101,37.084765
0.0,101,37.084765
0.0,101,37.084765
0.0,101,37.084765
1.0,101,37.084765
0.0,101,37.084765
0.0,101,37.084765
0.0,101,37.084765
0.0,101,37.084765
0.0,101,37.084765
1.0,101,37.084765
1.0,101,37.084765
0.0,101,37.085794
0.0,101,72.123451
0.0,101,72.123451
0.0,101,72.123451
0.0,101,72.123451
1.0,101,72.12453
0.0,101,72.12453
0.0,101,72.12453
0.0,101,72.12453
0.0,101,72.12453
0.0,101,72.12453
0.0,101,72.12453
0.0,101,72.12453
0.0,101,72.12453
0.0,101,72.12453
0.0,101,72.12453
0.0,101,72.12453
0.0,101,72.12453
0.0,101,72.12453
0.0,101,72.12453
0.0,101,72.12453
0.0,101,72.12453
0.0,101,72.12453
0.0,101,72.12453
0.0,101,72.12453
0.0,101,72.12453
0.0,101,72.12453
0.0,101,72.12453
0.0,101,72.12453
0.0,101,72.12453
0.0,101,72.12453
1.0,101,72.12453
0.0,101,72.12453
0.0,101,106.55617
0.0,101,106.55617
0.0,101,106.55617
0.0,101,106.55617
0.0,101,106.55617
0.0,101,106.55617
0.0,101,106.55617
0.0,101,106.55617
0.0,101,106.55617
0.0,101,106.55617
0.0,101,106.55617
0.0,101,106.55617
0.0,101,106.55617
0.0,101,106.55617
0.0,101,106.55617
0.0,101,106.55617
0.0,101,106.55617
1.0,101,106.55617
0.0,101,106.55617
0.0,101,106.55617
0.0,101,106.55617
0.0,101,106.55617
0.0,101,106.55617
0.0,101,106.55617
0.0,101,106.55617
0.0,101,106.55617
0.0,101,106.55617
0.0,101,106.55617
0.0,101,106.55617
0.0,101,106.55617
0.0,101,106.55617
0.0,101,106.55617
0.0,101,141.937003
0.0,101,141.937003
0.0,101,141.937003
0.0,101,141.937003
0.0,101,141.937003
0.0,101,141.937003
0.0,101,141.937003
0.0,101,141.937003
1.0,101,141.937003
0.0,101,141.937003
0.0,101,141.937003
0.0,101,141.937003
0.0,101,141.937003
0.0,101,141.937003
0.0,101,141.937003
0.0,101,141.937003
0.0,101,141.937003
0.0,101,141.937003
0.0,101,141.937003
0.0,101,141.937003
0.0,101,141.937003
1.0,101,141.937003
0.0,101,141.937003
0.0,101,141.937003
0.0,101,141.937003
0.0,101,141.937003
0.0,101,141.937003
0.0,101,141.937003
0.0,101,141.937003
0.0,101,141.937003
0.0,101,141.937003
0.0,101,141.937003
0.0,101,182.600373
0.0,101,182.600373
0.0,101,182.600373
0.0,101,182.600373
0.0,101,182.600373
0.0,101,182.600373
0.0,101,182.600373
0.0,101,182.600373
0.0,101,182.600373
0.0,101,182.600373
0.0,101,182.600373
0.0,101,182.600373
0.0,101,182.600373
0.0,101,182.600373
0.0,101,182.600373
0.0,101,182.600373
1.0,101,182.600373
0.0,101,182.600373
0.0,101,182.600373
0.0,101,182.600373
0.0,101,182.600373
0.0,101,182.600373
0.0,101,182.600373
0.0,101,182.600373
0.0,101,182.600373
0.0,101,182.600373
0.0,101,182.600373
0.0,101,182.600373
0.0,101,182.600373
0.0,101,182.600373
0.0,101,182.600373
0.0,101,182.600373
0.0,101,220.543765
0.0,101,220.544762
0.0,101,220.544762
0.0,101,220.544762
0.0,101,220.544762
0.0,101,220.544762
0.0,101,220.544762
0.0,101,220.544762
0.0,101,220.544762
0.0,101,220.544762
0.0,101,220.544762
0.0,101,220.544762
0.0,101,220.544762
0.0,101,220.544762
0.0,101,220.544762
0.0,101,220.544762
0.0,101,220.544762
1.0,101,220.544762
0.0,101,220.544762
0.0,101,220.544762
1.0,101,220.544762
0.0,101,220.544762
0.0,101,220.544762
0.0,101,220.544762
0.0,101,220.544762
0.0,101,220.544762
0.0,101,220.544762
1.0,101,220.544762
0.0,101,220.544762
0.0,101,220.544762
0.0,101,220.544762
0.0,101,220.544762
0.0,101,260.639471
0.0,101,260.639471
0.0,101,260.639471
0.0,101,260.639471
0.0,101,260.639471
0.0,101,260.639471
0.0,101,260.639471
0.0,101,260.639471
0.0,101,260.639471
0.0,101,260.639471
1.0,101,260.639471
0.0,101,260.640466
0.0,101,260.640466
1.0,101,260.640466
0.0,101,260.640466
0.0,101,260.640466
0.0,101,260.640466
0.0,101,260.640466
0.0,101,260.640466
0.0,101,260.640466
0.0,101,260.640466
0.0,101,260.640466
0.0,101,260.640466
0.0,101,260.640466
0.0,101,260.640466
0.0,101,260.640466
1.0,101,260.640466
0.0,101,260.640466
0.0,101,260.640466
1.0,101,260.640466
0.0,101,260.640466
0.0,101,260.640466
0.0,101,300.444642
0.0,101,300.444642
0.0,101,300.444642
1.0,101,300.444642
1.0,101,300.444642
0.0,101,300.444642
0.0,101,300.444642
0.0,101,300.444642
0.0,101,300.444642
0.0,101,300.444642
0.0,101,300.444642
0.0,101,300.444642
0.0,101,300.444642
0.0,101,300.444642
0.0,101,300.444642
0.0,101,300.444642
1.0,101,300.444642
0.0,101,300.444642
0.0,101,300.444642
0.0,101,300.444642
0.0,101,300.444642
0.0,101,300.444642
0.0,101,300.444642
0.0,101,300.444642
0.0,101,300.444642
0.0,101,300.444642
0.0,101,300.444642
0.0,101,300.444642
0.0,101,300.444642
0.0,101,300.444642
0.0,101,300.444642
0.0,101,300.444642
0.0,101,339.89424
0.0,101,339.89424
0.0,101,339.89424
0.0,101,339.89424
0.0,101,339.89424
0.0,101,339.89424
0.0,101,339.89424
0.0,101,339.89424
1.0,101,339.89424
0.0,101,339.89424
0.0,101,339.89424
0.0,101,339.89424
0.0,101,339.895238
0.0,101,339.895238
1.0,101,339.895238
0.0,101,339.895238
0.0,101,339.895238
0.0,101,339.895238
0.0,101,339.895238
0.0,101,339.895238
1.0,101,339.895238
0.0,101,339.895238
0.0,101,339.895238
0.0,101,339.895238
0.0,101,339.895238
0.0,101,339.895238
1.0,101,339.895238
0.0,101,339.895238
0.0,101,339.895238
0.0,101,339.895238
0.0,101,339.895238
0.0,101,339.895238
0.0,101,381.243619
0.0,101,381.243619
0.0,101,381.243619
0.0,101,381.243619
0.0,101,381.243619
0.0,101,381.243619
0.0,101,381.243619
0.0,101,381.244618
0.0,101,381.244618
0.0,101,381.244618
0.0,101,381.244618
0.0,101,381.244618
0.0,101,381.244618
0.0,101,381.244618
0.0,101,381.244618
0.0,101,381.244618
0.0,101,381.244618
0.0,101,381.244618
0.0,101,381.244618
0.0,101,381.244618
0.0,101,381.244618
0.0,101,381.244618
0.0,101,381.244618
0.0,101,381.244618
0.0,101,381.244618
0.0,101,381.244618
0.0,101,381.244618
0.0,101,381.244618
0.0,101,381.244618
0.0,101,381.244618
0.0,101,381.244618
1.0,101,381.244618
0.0,101,420.101516
0.0,101,420.101516
0.0,101,420.101516
0.0,101,420.101516
1.0,101,420.101516
0.0,101,420.101516
0.0,101,420.101516
0.0,101,420.101516
0.0,101,420.101516
0.0,101,420.101516
0.0,101,420.101516
0.0,101,420.101516
0.0,101,420.101516
0.0,101,420.101516
0.0,101,420.101516
1.0,101,420.101516
0.0,101,420.101516
0.0,101,420.101516
0.0,101,420.101516
0.0,101,420.101516
0.0,101,420.101516
0.0,101,420.101516
0.0,101,420.101516
0.0,101,420.101516
0.0,101,420.101516
0.0,101,420.101516
0.0,101,420.101516
0.0,101,420.101516
0.0,101,420.101516
0.0,101,420.101516
0.0,101,420.101516
0.0,101,420.101516
0.0,101,459.899116
0.0,101,459.899116
0.0,101,459.899116
1.0,101,459.899116
0.0,101,459.899116
0.0,101,459.899116
0.0,101,459.899116
0.0,101,459.899116
0.0,101,459.900114
1.0,101,459.900114
0.0,101,459.900114
0.0,101,459.900114
0.0,101,459.900114
0.0,101,459.900114
0.0,101,459.900114
0.0,101,459.900114
0.0,101,459.900114
0.0,101,459.900114
0.0,101,459.900114
0.0,101,459.900114
0.0,101,459.900114
0.0,101,459.900114
0.0,101,459.900114
0.0,101,459.900114
0.0,101,459.900114
0.0,101,459.900114
1.0,101,459.900114
0.0,101,459.900114
1.0,101,459.900114
0.0,101,459.900114
0.0,101,459.900114
0.0,101,459.900114
0.0,101,499.098338
0.0,101,499.098338
0.0,101,499.099335
0.0,101,499.099335
1.0,101,499.099335
0.0,101,499.099335
0.0,101,499.099335
0.0,101,499.099335
0.0,101,499.099335
0.0,101,499.099335
1.0,101,499.099335
0.0,101,499.099335
0.0,101,499.099335
0.0,101,499.099335
0.0,101,499.099335
0.0,101,499.099335
0.0,101,499.099335
0.0,101,499.099335
0.0,101,499.099335
0.0,101,499.099335
0.0,101,499.099335
0.0,101,499.099335
0.0,101,499.099335
0.0,101,499.099335
0.0,101,499.099335
0.0,101,499.099335
0.0,101,499.099335
0.0,101,499.099335
0.0,101,499.099335
0.0,101,499.099335
0.0,101,499.099335
0.0,101,499.099335
0.0,101,538.14487
1.0,101,538.14487
0.0,101,538.14487
0.0,101,538.14487
0.0,101,538.14487
0.0,101,538.14487
1.0,101,538.14487
0.0,101,538.14487
0.0,101,538.14487
0.0,101,538.14487
0.0,101,538.14487
0.0,101,538.14487
0.0,101,538.14487
0.0,101,538.14487
0.0,101,538.14487
0.0,101,538.14487
0.0,101,538.14487
0.0,101,538.14487
0.0,101,538.14487
0.0,101,538.14487
0.0,101,538.14487
0.0,101,538.14487
0.0,101,538.14487
0.0,101,538.145869
0.0,101,538.145869
0.0,101,538.145869
0.0,101,538.145869
0.0,101,538.145869
1.0,101,538.145869
0.0,101,538.145869
1.0,101,538.145869
0.0,101,538.145869
0.0,101,577.512589
0.0,101,577.512589
0.0,101,577.512589
0.0,101,577.513587
0.0,101,577.513587
0.0,101,577.513587
0.0,101,577.513587
0.0,101,577.513587
0.0,101,577.513587
0.0,101,577.513587
0.0,101,577.513587
0.0,101,577.513587
0.0,101,577.513587
0.0,101,577.513587
0.0,101,577.513587
0.0,101,577.513587
0.0,101,577.513587
0.0,101,577.513587
0.0,101,577.513587
1.0,101,577.513587
0.0,101,577.513587
0.0,101,577.513587
0.0,101,577.513587
0.0,101,577.513587
0.0,101,577.513587
0.0,101,577.513587
0.0,101,577.513587
0.0,101,577.513587
1.0,101,577.513587
0.0,101,577.513587
0.0,101,577.513587
0.0,101,577.513587
0.0,101,616.468102
0.0,101,616.468102
0.0,101,616.468102
0.0,101,616.468102
0.0,101,616.468102
0.0,101,616.468102
0.0,101,616.468102
0.0,101,616.468102
0.0,101,616.468102
0.0,101,616.468102
0.0,101,616.468102
0.0,101,616.468102
0.0,101,616.468102
0.0,101,616.468102
0.0,101,616.468102
0.0,101,616.468102
0.0,101,616.468102
0.0,101,616.468102
0.0,101,616.468102
0.0,101,616.468102
0.0,101,616.468102
0.0,101,616.468102
0.0,101,616.468102
0.0,101,616.469099
0.0,101,616.469099
0.0,101,616.469099
1.0,101,616.469099
0.0,101,616.469099
0.0,101,616.469099
0.0,101,616.469099
0.0,101,616.469099
0.0,101,616.469099
0.0,101,655.746916
0.0,101,655.746916
0.0,101,655.746916
0.0,101,655.747914
0.0,101,655.747914
0.0,101,655.747914
0.0,101,655.747914
0.0,101,655.747914
0.0,101,655.747914
0.0,101,655.747914
0.0,101,655.747914
0.0,101,655.747914
1.0,101,655.747914
0.0,101,655.747914
0.0,101,655.747914
1.0,101,655.747914
0.0,101,655.747914
0.0,101,655.747914
0.0,101,655.747914
0.0,101,655.747914
0.0,101,655.747914
0.0,101,655.747914
0.0,101,655.747914
0.0,101,655.747914
0.0,101,655.747914
0.0,101,655.747914
0.0,101,655.747914
0.0,101,655.747914
0.0,101,655.747914
0.0,101,655.747914
0.0,101,655.747914
0.0,101,655.747914
0.0,101,695.14208
0.0,101,695.14208
0.0,101,695.14208
1.0,101,695.14208
0.0,101,695.14208
0.0,101,695.14208
0.0,101,695.14208
0.0,101,695.14208
0.0,101,695.14208
0.0,101,695.14208
0.0,101,695.14208
1.0,101,695.14208
1.0,101,695.14208
0.0,101,695.14208
0.0,101,695.143076
0.0,101,695.143076
1.0,101,695.143076
0.0,101,695.143076
0.0,101,695.143076
0.0,101,695.143076
0.0,101,695.143076
0.0,101,695.143076
0.0,101,695.143076
0.0,101,695.143076
1.0,101,695.143076
0.0,101,695.143076
0.0,101,695.143076
0.0,101,695.143076
0.0,101,695.143076
0.0,101,695.143076
0.0,101,695.143076
0.0,101,695.143076
0.0,101,732.28177
0.0,101,732.282798
0.0,101,732.282798
0.0,101,732.282798
0.0,101,732.282798
0.0,101,732.282798
0.0,101,732.282798
0.0,101,732.282798
0.0,101,732.282798
0.0,101,732.282798
0.0,101,732.282798
0.0,101,732.282798
0.0,101,732.282798
0.0,101,732.282798
0.0,101,732.282798
0.0,101,732.282798
0.0,101,732.282798
0.0,101,732.282798
0.0,101,732.282798
0.0,101,732.282798
0.0,101,732.282798
0.0,101,732.282798
0.0,101,732.282798
0.0,101,732.282798
0.0,101,732.282798
0.0,101,732.282798
0.0,101,732.282798
0.0,101,732.282798
0.0,101,732.282798
0.0,101,732.282798
0.0,101,732.282798
0.0,101,732.282798
1.0,101,769.820112
0.0,101,769.820112
0.0,101,769.820112
0.0,101,769.820112
0.0,101,769.821112
0.0,101,769.821112
0.0,101,769.821112
0.0,101,769.821112
0.0,101,769.821112
0.0,101,769.821112
0.0,101,769.821112
0.0,101,769.821112
0.0,101,769.821112
0.0,101,769.821112
0.0,101,769.821112
0.0,101,769.821112
0.0,101,769.821112
0.0,101,769.821112
0.0,101,769.821112
0.0,101,769.821112
0.0,101,769.821112
0.0,101,769.821112
0.0,101,769.821112
0.0,101,769.821112
0.0,101,769.821112
0.0,101,769.821112
0.0,101,769.821112
0.0,101,769.821112
0.0,101,769.821112
0.0,101,769.821112
0.0,101,769.821112
0.0,101,769.821112
0.0,101,898.074949
0.0,101,898.074949
0.0,101,898.074949
1.0,101,898.074949
0.0,101,898.074949
0.0,101,898.074949
0.0,101,898.074949
0.0,101,898.074949
0.0,101,898.074949
0.0,101,898.074949
0.0,101,898.074949
0.0,101,898.074949
0.0,101,898.074949
0.0,101,898.074949
0.0,101,898.074949
0.0,101,898.074949
0.0,101,898.074949
0.0,101,898.074949
0.0,101,898.074949
0.0,101,898.074949
0.0,101,898.074949
0.0,101,898.074949
1.0,101,898.074949
0.0,101,898.075947
0.0,101,898.075947
0.0,101,898.075947
0.0,101,898.075947
0.0,101,898.075947
0.0,101,898.075947
0.0,101,898.075947
0.0,101,898.075947
0.0,101,898.075947
0.0,101,936.718437
1.0,101,936.718437
0.0,101,936.718437
0.0,101,936.718437
0.0,101,936.718437
0.0,101,936.718437
0.0,101,936.718437
0.0,101,936.718437
1.0,101,936.718437
0.0,101,936.718437
0.0,101,936.718437
0.0,101,936.718437
1.0,101,936.718437
0.0,101,936.718437
0.0,101,936.718437
0.0,101,936.718437
1.0,101,936.718437
0.0,101,936.718437
0.0,101,936.718437
0.0,101,936.718437
0.0,101,936.718437
0.0,101,936.719436
0.0,101,936.719436
0.0,101,936.719436
0.0,101,936.719436
0.0,101,936.719436
0.0,101,936.719436
0.0,101,936.719436
0.0,101,936.719436
0.0,101,936.719436
0.0,101,936.719436
0.0,101,936.719436
0.0,101,974.911289
1.0,101,974.911289
0.0,101,974.911289
0.0,101,974.911289
0.0,101,974.911289
0.0,101,974.911289
0.0,101,974.911289
0.0,101,974.911289
0.0,101,974.911289
0.0,101,974.911289
0.0,101,974.911289
0.0,101,974.911289
1.0,101,974.911289
0.0,101,974.911289
0.0,101,974.911289
0.0,101,974.911289
0.0,101,974.911289
0.0,101,974.911289
0.0,101,974.911289
0.0,101,974.911289
0.0,101,974.911289
0.0,101,974.911289
0.0,101,974.912315
0.0,101,974.912315
0.0,101,974.912315
0.0,101,974.912315
0.0,101,974.912315
0.0,101,974.912315
0.0,101,974.912315
1.0,101,974.912315
1.0,101,974.912315
0.0,101,974.912315
0.0,101,1012.948601
0.0,101,1012.948601
0.0,101,1012.948601
1.0,101,1012.948601
0.0,101,1012.948601
0.0,101,1012.948601
0.0,101,1012.948601
0.0,101,1012.948601
1.0,101,1012.948601
0.0,101,1012.948601
0.0,101,1012.948601
0.0,101,1012.948601
0.0,101,1012.948601
0.0,101,1012.948601
0.0,101,1012.948601
0.0,101,1012.948601
0.0,101,1012.949598
0.0,101,1012.949598
0.0,101,1012.949598
0.0,101,1012.949598
0.0,101,1012.949598
0.0,101,1012.949598
0.0,101,1012.949598
0.0,101,1012.949598
0.0,101,1012.949598
0.0,101,1012.949598
0.0,101,1012.949598
0.0,101,1012.949598
0.0,101,1012.949598
1.0,101,1012.949598
0.0,101,1012.949598
0.0,101,1012.949598
0.0,101,1050.613957
0.0,101,1050.614983
0.0,101,1050.614983
0.0,101,1050.614983
0.0,101,1050.614983
0.0,101,1050.614983
0.0,101,1050.614983
0.0,101,1050.614983
0.0,101,1050.614983
0.0,101,1050.614983
0.0,101,1050.614983
0.0,101,1050.614983
0.0,101,1050.614983
0.0,101,1050.614983
0.0,101,1050.614983
0.0,101,1050.614983
0.0,101,1050.614983
0.0,101,1050.614983
0.0,101,1050.614983
0.0,101,1050.614983
0.0,101,1050.614983
0.0,101,1050.614983
0.0,101,1050.614983
0.0,101,1050.614983
0.0,101,1050.614983
0.0,101,1050.614983
0.0,101,1050.614983
0.0,101,1050.614983
0.0,101,1050.614983
0.0,101,1050.614983
0.0,101,1050.614983
0.0,101,1050.614983
1.0,101,1088.017017
0.0,101,1088.017017
0.0,101,1088.017017
0.0,101,1088.017017
0.0,101,1088.017017
0.0,101,1088.017017
0.0,101,1088.018014
0.0,101,1088.018014
0.0,101,1088.018014
0.0,101,1088.018014
0.0,101,1088.018014
0.0,101,1088.018014
0.0,101,1088.018014
0.0,101,1088.018014
0.0,101,1088.018014
0.0,101,1088.018014
0.0,101,1088.018014
0.0,101,1088.018014
0.0,101,1088.018014
0.0,101,1088.018014
0.0,101,1088.018014
0.0,101,1088.018014
0.0,101,1088.018014
0.0,101,1088.018014
0.0,101,1088.018014
0.0,101,1088.018014
1.0,101,1088.018014
0.0,101,1088.018014
0.0,101,1088.018014
0.0,101,1088.018014
0.0,101,1088.018014
0.0,101,1088.018014
0.0,101,1125.482025
0.0,101,1125.482025
0.0,101,1125.482025
0.0,101,1125.482025
0.0,101,1125.482025
0.0,101,1125.482025
0.0,101,1125.482025
0.0,101,1125.482025
0.0,101,1125.482025
0.0,101,1125.482025
0.0,101,1125.482025
0.0,101,1125.482025
0.0,101,1125.482025
0.0,101,1125.482025
0.0,101,1125.482025
1.0,101,1125.482025
0.0,101,1125.482025
0.0,101,1125.482025
0.0,101,1125.482025
0.0,101,1125.482025
0.0,101,1125.482025
1.0,101,1125.482025
0.0,101,1125.482025
0.0,101,1125.482025
0.0,101,1125.482025
0.0,101,1125.482025
0.0,101,1125.483025
0.0,101,1125.483025
0.0,101,1125.483025
0.0,101,1125.483025
0.0,101,1125.483025
1.0,101,1125.483025
0.0,101,1163.614629
1.0,101,1163.614629
0.0,101,1163.614629
0.0,101,1163.614629
0.0,101,1163.614629
0.0,101,1163.614629
0.0,101,1163.614629
0.0,101,1163.614629
0.0,101,1163.614629
0.0,101,1163.614629
0.0,101,1163.614629
0.0,101,1163.614629
0.0,101,1163.614629
1.0,101,1163.614629
0.0,101,1163.614629
0.0,101,1163.614629
0.0,101,1163.614629
1.0,101,1163.614629
0.0,101,1163.614629
0.0,101,1163.614629
0.0,101,1163.614629
0.0,101,1163.614629
0.0,101,1163.614629
0.0,101,1163.614629
0.0,101,1163.614629
0.0,101,1163.614629
0.0,101,1163.614629
0.0,101,1163.614629
0.0,101,1163.614629
0.0,101,1163.614629
0.0,101,1163.614629
0.0,101,1163.614629
0.0,101,1201.138605
0.0,101,1201.139601
0.0,101,1201.139601
0.0,101,1201.139601
0.0,101,1201.139601
0.0,101,1201.139601
1.0,101,1201.139601
0.0,101,1201.139601
0.0,101,1201.139601
0.0,101,1201.139601
0.0,101,1201.139601
0.0,101,1201.139601
0.0,101,1201.139601
0.0,101,1201.139601
0.0,101,1201.139601
0.0,101,1201.139601
0.0,101,1201.139601
0.0,101,1201.139601
0.0,101,1201.139601
0.0,101,1201.139601
0.0,101,1201.139601
0.0,101,1201.139601
0.0,101,1201.139601
0.0,101,1201.139601
0.0,101,1201.139601
1.0,101,1201.139601
0.0,101,1201.139601
0.0,101,1201.139601
0.0,101,1201.139601
0.0,101,1201.139601
0.0,101,1201.139601
0.0,101,1201.139601
0.0,101,1238.812616
0.0,101,1238.812616
0.0,101,1238.812616
0.0,101,1238.812616
0.0,101,1238.812616
0.0,101,1238.812616
0.0,101,1238.812616
0.0,101,1238.812616
0.0,101,1238.812616
0.0,101,1238.812616
0.0,101,1238.812616
1.0,101,1238.812616
0.0,101,1238.812616
0.0,101,1238.812616
0.0,101,1238.812616
0.0,101,1238.812616
0.0,101,1238.812616
0.0,101,1238.812616
0.0,101,1238.812616
1.0,101,1238.812616
0.0,101,1238.812616
1.0,101,1238.812616
0.0,101,1238.812616
0.0,101,1238.812616
1.0,101,1238.812616
0.0,101,1238.812616
0.0,101,1238.812616
0.0,101,1238.812616
0.0,101,1238.812616
0.0,101,1238.812616
0.0,101,1238.812616
0.0,101,1238.812616
1.0,101,1276.528069
0.0,101,1276.528069
0.0,101,1276.528069
0.0,101,1276.528069
0.0,101,1276.528069
0.0,101,1276.528069
0.0,101,1276.528069
0.0,101,1276.528069
0.0,101,1276.528069
0.0,101,1276.528069
0.0,101,1276.528069
0.0,101,1276.528069
0.0,101,1276.528069
0.0,101,1276.528069
0.0,101,1276.528069
1.0,101,1276.528069
0.0,101,1276.528069
0.0,101,1276.528069
0.0,101,1276.528069
0.0,101,1276.528069
1.0,101,1276.528069
0.0,101,1276.528069
1.0,101,1276.528069
0.0,101,1276.528069
0.0,101,1276.528069
0.0,101,1276.528069
1.0,101,1276.528069
0.0,101,1276.528069
0.0,101,1276.528069
0.0,101,1276.528069
0.0,101,1276.528069
0.0,101,1276.528069
0.0,101,1314.277811
0.0,101,1314.277811
0.0,101,1314.277811
0.0,101,1314.277811
0.0,101,1314.277811
0.0,101,1314.277811
0.0,101,1314.277811
1.0,101,1314.277811
0.0,101,1314.277811
0.0,101,1314.277811
0.0,101,1314.277811
0.0,101,1314.277811
0.0,101,1314.277811
1.0,101,1314.277811
0.0,101,1314.277811
0.0,101,1314.277811
0.0,101,1314.277811
0.0,101,1314.277811
0.0,101,1314.277811
0.0,101,1314.277811
0.0,101,1314.277811
1.0,101,1314.277811
0.0,101,1314.277811
0.0,101,1314.277811
0.0,101,1314.277811
0.0,101,1314.277811
0.0,101,1314.277811
0.0,101,1314.277811
0.0,101,1314.277811
0.0,101,1314.277811
0.0,101,1314.277811
0.0,101,1314.277811
0.0,101,1352.099711
0.0,101,1352.099711
0.0,101,1352.099711
0.0,101,1352.099711
0.0,101,1352.099711
0.0,101,1352.099711
0.0,101,1352.099711
1.0,101,1352.099711
0.0,101,1352.099711
0.0,101,1352.099711
0.0,101,1352.099711
0.0,101,1352.099711
2.0,101,1352.099711
0.0,101,1352.099711
1.0,101,1352.099711
0.0,101,1352.099711
0.0,101,1352.099711
0.0,101,1352.099711
0.0,101,1352.099711
0.0,101,1352.099711
0.0,101,1352.099711
1.0,101,1352.099711
0.0,101,1352.099711
0.0,101,1352.099711
0.0,101,1352.099711
0.0,101,1352.099711
0.0,101,1352.099711
0.0,101,1352.099711
1.0,101,1352.099711
0.0,101,1352.099711
0.0,101,1352.099711
0.0,101,1352.099711
0.0,101,1390.250086
0.0,101,1390.250086
0.0,101,1390.250086
1.0,101,1390.250086
0.0,101,1390.250086
0.0,101,1390.250086
0.0,101,1390.250086
0.0,101,1390.250086
0.0,101,1390.250086
0.0,101,1390.250086
0.0,101,1390.250086
0.0,101,1390.250086
0.0,101,1390.250086
1.0,101,1390.250086
0.0,101,1390.250086
0.0,101,1390.250086
0.0,101,1390.250086
0.0,101,1390.250086
0.0,101,1390.250086
0.0,101,1390.250086
0.0,101,1390.250086
0.0,101,1390.250086
0.0,101,1390.250086
0.0,101,1390.250086
0.0,101,1390.250086
0.0,101,1390.250086
0.0,101,1390.250086
0.0,101,1390.250086
0.0,101,1390.250086
0.0,101,1390.250086
0.0,101,1390.250086
0.0,101,1390.250086
1.0,101,1428.468909
0.0,101,1428.468909
0.0,101,1428.468909
0.0,101,1428.468909
0.0,101,1428.468909
0.0,101,1428.468909
0.0,101,1428.468909
0.0,101,1428.468909
0.0,101,1428.468909
1.0,101,1428.468909
0.0,101,1428.468909
0.0,101,1428.468909
0.0,101,1428.468909
0.0,101,1428.468909
0.0,101,1428.468909
1.0,101,1428.468909
0.0,101,1428.468909
0.0,101,1428.469445
1.0,101,1428.469445
0.0,101,1428.469445
0.0,101,1428.469445
0.0,101,1428.469445
0.0,101,1428.469445
0.0,101,1428.469445
0.0,101,1428.469445
0.0,101,1428.469445
1.0,101,1428.469445
0.0,101,1428.469445
0.0,101,1428.469445
0.0,101,1428.469445
0.0,101,1428.469445
0.0,101,1428.469445
0.0,101,1466.347799
0.0,101,1466.347799
0.0,101,1466.347799
0.0,101,1466.347799
0.0,101,1466.347799
0.0,101,1466.347799
1.0,101,1466.347799
0.0,101,1466.347799
0.0,101,1466.347799
0.0,101,1466.347799
0.0,101,1466.347799
0.0,101,1466.347799
0.0,101,1466.347799
0.0,101,1466.347799
0.0,101,1466.347799
0.0,101,1466.347799
0.0,101,1466.347799
0.0,101,1466.347799
0.0,101,1466.347799
0.0,101,1466.347799
0.0,101,1466.347799
0.0,101,1466.347799
0.0,101,1466.347799
0.0,101,1466.347799
0.0,101,1466.347799
0.0,101,1466.347799
0.0,101,1466.347799
0.0,101,1466.347799
0.0,101,1466.347799
0.0,101,1466.347799
0.0,101,1466.347799
0.0,101,1466.347799
0.0,101,1504.488646
0.0,101,1504.488646
0.0,101,1504.488646
0.0,101,1504.488646
1.0,101,1504.488646
0.0,101,1504.488646
0.0,101,1504.488646
0.0,101,1504.488646
1.0,101,1504.488646
0.0,101,1504.488646
0.0,101,1504.488646
0.0,101,1504.488646
0.0,101,1504.488646
0.0,101,1504.488646
0.0,101,1504.488646
0.0,101,1504.488646
0.0,101,1504.488646
0.0,101,1504.488646
1.0,101,1504.489643
0.0,101,1504.489643
0.0,101,1504.489643
0.0,101,1504.489643
0.0,101,1504.489643
0.0,101,1504.489643
1.0,101,1504.489643
0.0,101,1504.489643
0.0,101,1504.489643
0.0,101,1504.489643
0.0,101,1504.489643
1.0,101,1504.489643
0.0,101,1504.489643
0.0,101,1504.489643
0.0,101,1543.291112
0.0,101,1543.291112
0.0,101,1543.291112
0.0,101,1543.291112
0.0,101,1543.291112
0.0,101,1543.291112
0.0,101,1543.291112
0.0,101,1543.291112
0.0,101,1543.291112
0.0,101,1543.291112
0.0,101,1543.292109
0.0,101,1543.292109
0.0,101,1543.292109
0.0,101,1543.292109
0.0,101,1543.292109
0.0,101,1543.292109
0.0,101,1543.292109
0.0,101,1543.292109
0.0,101,1543.292109
0.0,101,1543.292109
0.0,101,1543.292109
0.0,101,1543.292109
0.0,101,1543.292109
0.0,101,1543.292109
0.0,101,1543.292109
0.0,101,1543.292109
1.0,101,1543.292109
0.0,101,1543.292109
0.0,101,1543.292109
0.0,101,1543.292109
0.0,101,1543.292109
0.0,101,1543.292109
0.0,101,1581.500429
0.0,101,1581.500429
0.0,101,1581.500429
0.0,101,1581.500429
0.0,101,1581.500429
0.0,101,1581.500429
0.0,101,1581.500429
0.0,101,1581.500429
0.0,101,1581.500429
0.0,101,1581.500429
1.0,101,1581.500429
0.0,101,1581.500429
0.0,101,1581.500429
0.0,101,1581.500429
0.0,101,1581.500429
0.0,101,1581.500429
0.0,101,1581.500429
0.0,101,1581.500429
0.0,101,1581.500429
0.0,101,1581.500429
1.0,101,1581.500429
0.0,101,1581.500429
0.0,101,1581.500429
1.0,101,1581.500429
0.0,101,1581.500429
0.0,101,1581.500429
1.0,101,1581.500429
0.0,101,1581.500429
0.0,101,1581.500429
0.0,101,1581.500429
0.0,101,1581.500429
0.0,101,1581.500429
0.0,101,1619.650932
0.0,101,1619.650932
0.0,101,1619.650932
0.0,101,1619.650932
0.0,101,1619.650932
1.0,101,1619.650932
0.0,101,1619.650932
0.0,101,1619.650932
0.0,101,1619.650932
0.0,101,1619.650932
0.0,101,1619.650932
0.0,101,1619.650932
0.0,101,1619.650932
0.0,101,1619.650932
0.0,101,1619.650932
0.0,101,1619.650932
0.0,101,1619.650932
0.0,101,1619.650932
0.0,101,1619.650932
1.0,101,1619.650932
0.0,101,1619.650932
0.0,101,1619.650932
0.0,101,1619.650932
0.0,101,1619.650932
0.0,101,1619.650932
0.0,101,1619.650932
0.0,101,1619.650932
0.0,101,1619.650932
0.0,101,1619.650932
0.0,101,1619.650932
0.0,101,1619.650932
0.0,101,1619.650932
1.0,101,1752.650586
0.0,101,1752.650586
0.0,101,1752.650586
0.0,101,1752.650586
0.0,101,1752.650586
0.0,101,1752.650586
0.0,101,1752.650586
0.0,101,1752.650586
0.0,101,1752.650586
0.0,101,1752.650586
0.0,101,1752.650586
0.0,101,1752.650586
0.0,101,1752.650586
0.0,101,1752.650586
0.0,101,1752.650586
0.0,101,1752.650586
0.0,101,1752.650586
0.0,101,1752.650586
0.0,101,1752.650586
0.0,101,1752.650586
0.0,101,1752.651582
0.0,101,1752.651582
0.0,101,1752.651582
1.0,101,1752.651582
0.0,101,1752.651582
0.0,101,1752.651582
0.0,101,1752.651582
0.0,101,1752.651582
1.0,101,1752.651582
0.0,101,1752.651582
0.0,101,1752.651582
2.0,101,1752.651582
0.0,101,1795.676579
0.0,101,1795.676579
0.0,101,1795.676579
0.0,101,1795.676579
0.0,101,1795.676579
0.0,101,1795.676579
0.0,101,1795.676579
0.0,101,1795.676579
0.0,101,1795.676579
0.0,101,1795.676579
0.0,101,1795.676579
0.0,101,1795.676579
0.0,101,1795.676579
0.0,101,1795.676579
0.0,101,1795.676579
0.0,101,1795.676579
0.0,101,1795.676579
0.0,101,1795.676579
0.0,101,1795.676579
0.0,101,1795.676579
0.0,101,1795.676579
0.0,101,1795.676579
0.0,101,1795.676579
0.0,101,1795.676579
0.0,101,1795.676579
0.0,101,1795.676579
0.0,101,1795.676579
0.0,101,1795.676579
0.0,101,1795.676579
0.0,101,1795.676579
0.0,101,1795.676579
0.0,101,1795.676579
0.0,101,1836.263147
0.0,101,1836.263147
1.0,101,1836.263147
0.0,101,1836.263147
0.0,101,1836.263147
0.0,101,1836.263147
0.0,101,1836.263147
0.0,101,1836.263147
0.0,101,1836.263147
0.0,101,1836.263147
0.0,101,1836.263147
0.0,101,1836.264144
0.0,101,1836.264144
0.0,101,1836.264144
0.0,101,1836.264144
0.0,101,1836.264144
0.0,101,1836.264144
0.0,101,1836.264144
0.0,101,1836.264144
0.0,101,1836.264144
0.0,101,1836.264144
0.0,101,1836.264144
0.0,101,1836.264144
0.0,101,1836.264144
0.0,101,1836.264144
0.0,101,1836.264144
0.0,101,1836.264144
1.0,101,1836.264144
0.0,101,1836.264144
0.0,101,1836.264144
0.0,101,1836.264144
0.0,101,1836.264144
0.0,101,1876.806014
0.0,101,1876.806014
0.0,101,1876.806014
0.0,101,1876.806014
0.0,101,1876.806014
0.0,101,1876.806014
0.0,101,1876.806014
0.0,101,1876.806014
0.0,101,1876.806014
0.0,101,1876.806014
1.0,101,1876.806014
0.0,101,1876.806014
1.0,101,1876.806014
0.0,101,1876.806014
0.0,101,1876.806014
0.0,101,1876.806014
0.0,101,1876.806014
1.0,101,1876.806014
0.0,101,1876.806014
0.0,101,1876.806014
0.0,101,1876.80704
0.0,101,1876.80704
0.0,101,1876.80704
0.0,101,1876.80704
0.0,101,1876.80704
0.0,101,1876.80704
0.0,101,1876.80704
0.0,101,1876.80704
0.0,101,1876.80704
0.0,101,1876.80704
0.0,101,1876.80704
1.0,101,1876.80704
0.0,101,1916.179545
1.0,101,1916.179545
0.0,101,1916.179545
0.0,101,1916.179545
0.0,101,1916.179545
0.0,101,1916.179545
0.0,101,1916.179545
1.0,101,1916.179545
0.0,101,1916.179545
0.0,101,1916.179545
0.0,101,1916.179545
0.0,101,1916.179545
0.0,101,1916.179545
0.0,101,1916.179545
0.0,101,1916.180541
1.0,101,1916.180541
0.0,101,1916.180541
0.0,101,1916.180541
1.0,101,1916.180541
0.0,101,1916.180541
0.0,101,1916.180541
0.0,101,1916.180541
0.0,101,1916.180541
0.0,101,1916.180541
1.0,101,1916.180541
0.0,101,1916.180541
0.0,101,1916.180541
0.0,101,1916.180541
0.0,101,1916.180541
0.0,101,1916.180541
0.0,101,1916.180541
0.0,101,1916.180541
0.0,101,1954.437229
0.0,101,1954.437229
0.0,101,1954.437229
0.0,101,1954.437229
0.0,101,1954.437229
0.0,101,1954.437229
0.0,101,1954.437229
0.0,101,1954.437229
0.0,101,1954.437229
1.0,101,1954.437229
0.0,101,1954.437229
0.0,101,1954.437229
0.0,101,1954.437229
0.0,101,1954.437229
1.0,101,1954.437229
0.0,101,1954.437229
1.0,101,1954.437229
0.0,101,1954.437229
0.0,101,1954.437229
0.0,101,1954.437229
0.0,101,1954.437229
0.0,101,1954.437229
0.0,101,1954.437229
0.0,101,1954.437229
0.0,101,1954.437229
0.0,101,1954.437229
0.0,101,1954.437229
0.0,101,1954.437229
0.0,101,1954.438228
0.0,101,1954.438228
0.0,101,1954.438228
0.0,101,1954.438228
0.0,101,1993.076679
0.0,101,1993.076679
0.0,101,1993.076679
0.0,101,1993.076679
0.0,101,1993.076679
0.0,101,1993.076679
0.0,101,1993.076679
0.0,101,1993.076679
0.0,101,1993.076679
0.0,101,1993.076679
2.0,101,1993.076679
0.0,101,1993.076679
0.0,101,1993.076679
0.0,101,1993.076679
0.0,101,1993.076679
1.0,101,1993.076679
0.0,101,1993.076679
0.0,101,1993.076679
1.0,101,1993.076679
0.0,101,1993.076679
1.0,101,1993.076679
0.0,101,1993.076679
0.0,101,1993.076679
0.0,101,1993.076679
1.0,101,1993.076679
0.0,101,1993.076679
0.0,101,1993.076679
0.0,101,1993.076679
1.0,101,1993.076679
0.0,101,1993.076679
0.0,101,1993.076679
0.0,101,1993.076679
0.0,101,2031.858458
0.0,101,2031.859456
0.0,101,2031.859456
0.0,101,2031.859456
0.0,101,2031.859456
0.0,101,2031.859456
0.0,101,2031.859456
0.0,101,2031.859456
0.0,101,2031.859456
0.0,101,2031.859456
0.0,101,2031.859456
0.0,101,2031.859456
0.0,101,2031.859456
0.0,101,2031.859456
0.0,101,2031.859456
0.0,101,2031.859456
0.0,101,2031.859456
0.0,101,2031.859456
0.0,101,2031.859456
0.0,101,2031.859456
0.0,101,2031.859456
0.0,101,2031.859456
1.0,101,2031.859456
0.0,101,2031.859456
0.0,101,2031.859456
0.0,101,2031.859456
0.0,101,2031.859456
1.0,101,2031.859456
1.0,101,2031.859456
0.0,101,2031.859456
0.0,101,2031.859456
0.0,101,2031.859456
0.0,101,2070.801034
0.0,101,2070.801034
0.0,101,2070.801034
0.0,101,2070.801034
0.0,101,2070.801034
0.0,101,2070.801034
0.0,101,2070.801034
0.0,101,2070.801034
0.0,101,2070.801034
0.0,101,2070.801034
0.0,101,2070.801034
0.0,101,2070.801034
0.0,101,2070.801034
0.0,101,2070.801034
0.0,101,2070.801034
0.0,101,2070.801034
0.0,101,2070.801034
1.0,101,2070.801034
0.0,101,2070.801034
0.0,101,2070.801034
0.0,101,2070.801034
0.0,101,2070.801034
0.0,101,2070.801034
0.0,101,2070.801034
0.0,101,2070.801034
0.0,101,2070.801034
0.0,101,2070.801034
0.0,101,2070.801034
0.0,101,2070.801034
0.0,101,2070.801034
0.0,101,2070.801034
1.0,101,2070.801034
0.0,101,2109.468975
0.0,101,2109.468975
0.0,101,2109.468975
0.0,101,2109.468975
0.0,101,2109.468975
0.0,101,2109.468975
0.0,101,2109.468975
1.0,101,2109.468975
0.0,101,2109.468975
0.0,101,2109.468975
0.0,101,2109.468975
0.0,101,2109.468975
0.0,101,2109.468975
0.0,101,2109.468975
0.0,101,2109.468975
0.0,101,2109.468975
0.0,101,2109.468975
0.0,101,2109.468975
0.0,101,2109.468975
1.0,101,2109.468975
0.0,101,2109.468975
0.0,101,2109.468975
0.0,101,2109.468975
1.0,101,2109.468975
0.0,101,2109.468975
0.0,101,2109.468975
0.0,101,2109.468975
0.0,101,2109.468975
0.0,101,2109.468975
0.0,101,2109.468975
0.0,101,2109.468975
0.0,101,2109.468975
0.0,101,2148.436936
0.0,101,2148.436936
0.0,101,2148.436936
0.0,101,2148.436936
0.0,101,2148.436936
1.0,101,2148.436936
0.0,101,2148.436936
1.0,101,2148.436936
0.0,101,2148.436936
0.0,101,2148.437933
0.0,101,2148.437933
0.0,101,2148.437933
0.0,101,2148.437933
0.0,101,2148.437933
0.0,101,2148.437933
0.0,101,2148.437933
0.0,101,2148.437933
0.0,101,2148.437933
0.0,101,2148.437933
0.0,101,2148.437933
0.0,101,2148.437933
0.0,101,2148.437933
0.0,101,2148.437933
0.0,101,2148.437933
0.0,101,2148.437933
0.0,101,2148.437933
1.0,101,2148.437933
0.0,101,2148.437933
0.0,101,2148.437933
0.0,101,2148.437933
0.0,101,2148.437933
0.0,101,2148.437933
0.0,101,2186.648085
0.0,101,2186.648085
1.0,101,2186.648085
0.0,101,2186.648085
1.0,101,2186.648085
0.0,101,2186.648085
0.0,101,2186.648085
0.0,101,2186.648085
0.0,101,2186.648085
0.0,101,2186.648085
0.0,101,2186.648085
0.0,101,2186.648085
0.0,101,2186.648085
0.0,101,2186.648085
0.0,101,2186.648085
0.0,101,2186.648085
0.0,101,2186.648085
0.0,101,2186.648085
0.0,101,2186.648085
0.0,101,2186.648085
0.0,101,2186.648085
0.0,101,2186.648085
0.0,101,2186.648085
0.0,101,2186.648085
0.0,101,2186.648085
0.0,101,2186.648085
0.0,101,2186.648085
0.0,101,2186.648085
0.0,101,2186.648085
0.0,101,2186.648085
1.0,101,2186.648085
0.0,101,2186.648085
0.0,101,2225.171031
1.0,101,2225.172029
1.0,101,2225.172029
0.0,101,2225.172029
0.0,101,2225.172029
0.0,101,2225.172029
0.0,101,2225.172029
1.0,101,2225.172029
0.0,101,2225.172029
0.0,101,2225.172029
0.0,101,2225.172029
0.0,101,2225.172029
0.0,101,2225.172029
0.0,101,2225.172029
0.0,101,2225.172029
0.0,101,2225.172029
0.0,101,2225.172029
0.0,101,2225.172029
0.0,101,2225.172029
1.0,101,2225.172029
0.0,101,2225.172029
0.0,101,2225.172029
0.0,101,2225.172029
0.0,101,2225.172029
0.0,101,2225.172029
0.0,101,2225.172029
2.0,101,2225.172029
0.0,101,2225.172029
0.0,101,2225.172029
0.0,101,2225.172029
0.0,101,2225.172029
0.0,101,2225.172029
0.0,101,2262.976177
0.0,101,2262.976177
0.0,101,2262.976177
0.0,101,2262.976177
0.0,101,2262.976177
0.0,101,2262.976177
0.0,101,2262.976177
0.0,101,2262.976177
0.0,101,2262.976177
0.0,101,2262.976177
0.0,101,2262.976177
1.0,101,2262.977203
0.0,101,2262.977203
1.0,101,2262.977203
0.0,101,2262.977203
0.0,101,2262.977203
1.0,101,2262.977203
0.0,101,2262.977203
0.0,101,2262.977203
1.0,101,2262.977203
0.0,101,2262.977203
1.0,101,2262.977203
0.0,101,2262.977203
0.0,101,2262.977203
0.0,101,2262.977203
0.0,101,2262.977203
0.0,101,2262.977203
0.0,101,2262.977203
0.0,101,2262.977203
0.0,101,2262.977203
0.0,101,2262.977203
1.0,101,2262.977203
2.0,101,2300.928766
0.0,101,2300.928766
0.0,101,2300.928766
0.0,101,2300.928766
0.0,101,2300.928766
0.0,101,2300.92976
0.0,101,2300.92976
1.0,101,2300.92976
0.0,101,2300.92976
0.0,101,2300.92976
0.0,101,2300.92976
1.0,101,2300.92976
0.0,101,2300.92976
0.0,101,2300.92976
0.0,101,2300.92976
0.0,101,2300.92976
0.0,101,2300.92976
0.0,101,2300.92976
0.0,101,2300.92976
0.0,101,2300.92976
0.0,101,2300.92976
0.0,101,2300.92976
0.0,101,2300.92976
1.0,101,2300.92976
0.0,101,2300.92976
1.0,101,2300.92976
0.0,101,2300.92976
0.0,101,2300.92976
1.0,101,2300.92976
0.0,101,2300.92976
0.0,101,2300.92976
0.0,101,2300.92976
1.0,101,2339.101523
1.0,101,2339.101523
0.0,101,2339.101523
0.0,101,2339.101523
0.0,101,2339.101523
0.0,101,2339.101523
0.0,101,2339.101523
0.0,101,2339.101523
0.0,101,2339.101523
0.0,101,2339.101523
0.0,101,2339.101523
0.0,101,2339.101523
0.0,101,2339.101523
0.0,101,2339.101523
0.0,101,2339.101523
0.0,101,2339.101523
1.0,101,2339.101523
0.0,101,2339.101523
0.0,101,2339.101523
0.0,101,2339.101523
1.0,101,2339.101523
0.0,101,2339.101523
0.0,101,2339.101523
1.0,101,2339.101523
0.0,101,2339.101523
0.0,101,2339.101523
0.0,101,2339.101523
0.0,101,2339.101523
0.0,101,2339.101523
0.0,101,2339.101523
0.0,101,2339.101523
0.0,101,2339.101523
0.0,101,2377.715947
0.0,101,2377.715947
0.0,101,2377.715947
0.0,101,2377.715947
0.0,101,2377.715947
0.0,101,2377.715947
0.0,101,2377.715947
0.0,101,2377.715947
0.0,101,2377.715947
0.0,101,2377.715947
1.0,101,2377.715947
0.0,101,2377.715947
0.0,101,2377.715947
0.0,101,2377.715947
0.0,101,2377.715947
1.0,101,2377.715947
0.0,101,2377.715947
0.0,101,2377.715947
0.0,101,2377.715947
0.0,101,2377.715947
0.0,101,2377.715947
1.0,101,2377.715947
0.0,101,2377.715947
0.0,101,2377.715947
0.0,101,2377.715947
0.0,101,2377.715947
0.0,101,2377.715947
0.0,101,2377.715947
1.0,101,2377.715947
0.0,101,2377.715947
1.0,101,2377.715947
0.0,101,2377.715947
0.0,101,2417.52677
0.0,101,2417.52677
0.0,101,2417.52677
0.0,101,2417.52677
0.0,101,2417.52677
0.0,101,2417.52677
0.0,101,2417.52677
0.0,101,2417.52677
0.0,101,2417.52677
0.0,101,2417.52677
0.0,101,2417.52677
0.0,101,2417.52677
0.0,101,2417.52677
0.0,101,2417.52677
0.0,101,2417.52677
0.0,101,2417.52677
1.0,101,2417.52677
1.0,101,2417.52677
0.0,101,2417.52677
0.0,101,2417.52677
0.0,101,2417.52677
0.0,101,2417.52677
0.0,101,2417.52677
0.0,101,2417.52677
0.0,101,2417.52677
0.0,101,2417.52677
0.0,101,2417.52677
0.0,101,2417.52677
0.0,101,2417.52677
0.0,101,2417.52677
0.0,101,2417.52677
0.0,101,2417.52677
0.0,101,2456.538665
0.0,101,2456.538665
0.0,101,2456.538665
0.0,101,2456.538665
1.0,101,2456.538665
0.0,101,2456.538665
0.0,101,2456.538665
0.0,101,2456.538665
0.0,101,2456.538665
0.0,101,2456.538665
0.0,101,2456.538665
0.0,101,2456.538665
0.0,101,2456.538665
0.0,101,2456.538665
0.0,101,2456.538665
0.0,101,2456.538665
0.0,101,2456.538665
0.0,101,2456.538665
0.0,101,2456.538665
0.0,101,2456.538665
0.0,101,2456.538665
0.0,101,2456.538665
0.0,101,2456.538665
0.0,101,2456.538665
0.0,101,2456.538665
0.0,101,2456.538665
0.0,101,2456.539688
0.0,101,2456.539688
0.0,101,2456.539688
0.0,101,2456.539688
0.0,101,2456.539688
0.0,101,2456.539688
0.0,101,2495.455835
0.0,101,2495.455835
0.0,101,2495.456851
0.0,101,2495.456851
0.0,101,2495.456851
0.0,101,2495.456851
0.0,101,2495.456851
0.0,101,2495.456851
0.0,101,2495.456851
0.0,101,2495.456851
0.0,101,2495.456851
0.0,101,2495.456851
0.0,101,2495.456851
0.0,101,2495.456851
0.0,101,2495.456851
0.0,101,2495.456851
0.0,101,2495.456851
0.0,101,2495.456851
0.0,101,2495.456851
0.0,101,2495.456851
0.0,101,2495.456851
1.0,101,2495.456851
0.0,101,2495.456851
0.0,101,2495.456851
0.0,101,2495.456851
1.0,101,2495.456851
0.0,101,2495.456851
0.0,101,2495.456851
0.0,101,2495.456851
0.0,101,2495.456851
0.0,101,2495.456851
1.0,101,2495.456851
0.0,101,2626.690244
0.0,101,2626.690244
0.0,101,2626.690244
0.0,101,2626.690244
0.0,101,2626.690244
0.0,101,2626.690244
0.0,101,2626.690244
0.0,101,2626.690244
0.0,101,2626.690244
1.0,101,2626.690244
0.0,101,2626.690244
0.0,101,2626.690244
0.0,101,2626.690244
0.0,101,2626.690244
0.0,101,2626.690244
1.0,101,2626.690244
0.0,101,2626.690244
1.0,101,2626.690244
2.0,101,2626.690244
0.0,101,2626.690244
0.0,101,2626.690244
0.0,101,2626.690244
0.0,101,2626.690244
0.0,101,2626.690244
0.0,101,2626.690244
0.0,101,2626.690244
0.0,101,2626.690244
0.0,101,2626.690244
0.0,101,2626.690244
0.0,101,2626.690244
0.0,101,2626.690244
0.0,101,2626.690244
0.0,101,2665.26597
0.0,101,2665.26597
0.0,101,2665.26597
0.0,101,2665.26597
0.0,101,2665.26597
0.0,101,2665.26597
0.0,101,2665.26597
0.0,101,2665.26597
0.0,101,2665.26597
0.0,101,2665.26597
0.0,101,2665.26597
0.0,101,2665.26597
0.0,101,2665.26597
0.0,101,2665.26597
0.0,101,2665.26597
0.0,101,2665.26597
0.0,101,2665.26597
0.0,101,2665.266998
0.0,101,2665.266998
0.0,101,2665.266998
0.0,101,2665.266998
0.0,101,2665.266998
0.0,101,2665.266998
0.0,101,2665.266998
0.0,101,2665.266998
0.0,101,2665.266998
0.0,101,2665.266998
0.0,101,2665.266998
0.0,101,2665.266998
0.0,101,2665.266998
0.0,101,2665.266998
0.0,101,2665.266998
0.0,101,2704.456839
0.0,101,2704.456839
0.0,101,2704.456839
0.0,101,2704.456839
0.0,101,2704.456839
0.0,101,2704.456839
1.0,101,2704.457861
0.0,101,2704.457861
0.0,101,2704.457861
0.0,101,2704.457861
0.0,101,2704.457861
0.0,101,2704.457861
0.0,101,2704.457861
0.0,101,2704.457861
0.0,101,2704.457861
0.0,101,2704.457861
0.0,101,2704.457861
1.0,101,2704.457861
0.0,101,2704.457861
0.0,101,2704.457861
0.0,101,2704.457861
0.0,101,2704.457861
0.0,101,2704.457861
0.0,101,2704.457861
0.0,101,2704.457861
1.0,101,2704.457861
0.0,101,2704.457861
0.0,101,2704.457861
0.0,101,2704.457861
0.0,101,2704.457861
1.0,101,2704.457861
0.0,101,2704.457861
0.0,101,2742.577215
0.0,101,2742.577215
0.0,101,2742.577215
0.0,101,2742.577215
0.0,101,2742.577215
0.0,101,2742.577215
0.0,101,2742.577215
0.0,101,2742.577215
0.0,101,2742.577215
0.0,101,2742.577215
0.0,101,2742.577215
0.0,101,2742.577215
0.0,101,2742.577215
0.0,101,2742.578239
0.0,101,2742.578239
0.0,101,2742.578239
0.0,101,2742.578239
0.0,101,2742.578239
0.0,101,2742.578239
0.0,101,2742.578239
0.0,101,2742.578239
1.0,101,2742.578239
0.0,101,2742.578239
0.0,101,2742.578239
1.0,101,2742.578239
0.0,101,2742.578239
0.0,101,2742.578239
0.0,101,2742.578239
0.0,101,2742.578239
0.0,101,2742.578239
0.0,101,2742.578239
1.0,101,2742.578239
0.0,101,2780.141722
0.0,101,2780.141722
0.0,101,2780.141722
0.0,101,2780.141722
0.0,101,2780.141722
0.0,101,2780.141722
0.0,101,2780.141722
0.0,101,2780.141722
0.0,101,2780.141722
0.0,101,2780.141722
0.0,101,2780.141722
0.0,101,2780.141722
1.0,101,2780.141722
0.0,101,2780.141722
0.0,101,2780.141722
0.0,101,2780.141722
0.0,101,2780.141722
1.0,101,2780.141722
0.0,101,2780.141722
0.0,101,2780.141722
0.0,101,2780.141722
1.0,101,2780.142718
0.0,101,2780.142718
0.0,101,2780.142718
0.0,101,2780.142718
0.0,101,2780.142718
0.0,101,2780.142718
0.0,101,2780.142718
0.0,101,2780.142718
0.0,101,2780.142718
0.0,101,2780.142718
0.0,101,2780.142718
0.0,101,2818.025069
0.0,101,2818.025069
0.0,101,2818.025069
1.0,101,2818.025069
0.0,101,2818.025069
1.0,101,2818.025069
0.0,101,2818.025069
0.0,101,2818.025069
1.0,101,2818.025069
0.0,101,2818.025069
1.0,101,2818.025069
0.0,101,2818.025069
0.0,101,2818.025069
0.0,101,2818.025069
0.0,101,2818.025069
0.0,101,2818.025069
0.0,101,2818.025069
0.0,101,2818.025069
0.0,101,2818.025069
0.0,101,2818.025069
0.0,101,2818.025069
0.0,101,2818.025069
0.0,101,2818.025069
0.0,101,2818.025069
0.0,101,2818.025069
0.0,101,2818.025069
1.0,101,2818.025069
0.0,101,2818.025069
0.0,101,2818.025069
0.0,101,2818.025069
1.0,101,2818.025069
0.0,101,2818.025069
0.0,101,2855.991677
0.0,101,2855.991677
0.0,101,2855.991677
0.0,101,2855.991677
0.0,101,2855.991677
0.0,101,2855.991677
0.0,101,2855.991677
0.0,101,2855.991677
0.0,101,2855.991677
0.0,101,2855.991677
1.0,101,2855.991677
0.0,101,2855.991677
0.0,101,2855.991677
0.0,101,2855.991677
0.0,101,2855.991677
0.0,101,2855.991677
0.0,101,2855.991677
0.0,101,2855.991677
0.0,101,2855.991677
0.0,101,2855.991677
0.0,101,2855.991677
1.0,101,2855.991677
0.0,101,2855.991677
0.0,101,2855.991677
0.0,101,2855.991677
0.0,101,2855.992676
0.0,101,2855.992676
0.0,101,2855.992676
0.0,101,2855.992676
0.0,101,2855.992676
1.0,101,2855.992676
1.0,101,2855.992676
0.0,101,2896.828767
0.0,101,2896.828767
1.0,101,2896.828767
0.0,101,2896.828767
1.0,101,2896.828767
0.0,101,2896.828767
1.0,101,2896.828767
0.0,101,2896.828767
0.0,101,2896.828767
0.0,101,2896.828767
0.0,101,2896.828767
0.0,101,2896.828767
1.0,101,2896.828767
0.0,101,2896.828767
0.0,101,2896.828767
1.0,101,2896.828767
0.0,101,2896.828767
0.0,101,2896.828767
0.0,101,2896.828767
0.0,101,2896.828767
0.0,101,2896.828767
0.0,101,2896.828767
0.0,101,2896.828767
1.0,101,2896.828767
0.0,101,2896.828767
0.0,101,2896.828767
0.0,101,2896.828767
0.0,101,2896.828767
0.0,101,2896.828767
0.0,101,2896.828767
1.0,101,2896.828767
0.0,101,2896.829792
0.0,101,2936.355799
0.0,101,2936.355799
0.0,101,2936.355799
0.0,101,2936.355799
0.0,101,2936.355799
0.0,101,2936.355799
0.0,101,2936.355799
0.0,101,2936.355799
0.0,101,2936.355799
1.0,101,2936.356796
0.0,101,2936.356796
0.0,101,2936.356796
0.0,101,2936.356796
0.0,101,2936.356796
0.0,101,2936.356796
0.0,101,2936.356796
0.0,101,2936.356796
0.0,101,2936.356796
1.0,101,2936.356796
0.0,101,2936.356796
0.0,101,2936.356796
0.0,101,2936.356796
0.0,101,2936.356796
1.0,101,2936.356796
0.0,101,2936.356796
0.0,101,2936.356796
1.0,101,2936.356796
0.0,101,2936.356796
0.0,101,2936.356796
0.0,101,2936.356796
0.0,101,2936.356796
0.0,101,2936.356796
0.0,101,2975.676139
0.0,101,2975.676139
0.0,101,2975.676139
1.0,101,2975.676139
0.0,101,2975.67714
0.0,101,2975.67714
1.0,101,2975.67714
0.0,101,2975.67714
0.0,101,2975.67714
0.0,101,2975.67714
0.0,101,2975.67714
0.0,101,2975.67714
2.0,101,2975.67714
0.0,101,2975.67714
0.0,101,2975.67714
0.0,101,2975.67714
0.0,101,2975.67714
0.0,101,2975.67714
0.0,101,2975.67714
1.0,101,2975.67714
0.0,101,2975.67714
1.0,101,2975.67714
0.0,101,2975.67714
0.0,101,2975.67714
0.0,101,2975.67714
0.0,101,2975.67714
0.0,101,2975.67714
0.0,101,2975.67714
0.0,101,2975.67714
0.0,101,2975.67714
0.0,101,2975.67714
0.0,101,2975.67714
0.0,101,3015.922988
0.0,101,3015.922988
0.0,101,3015.922988
0.0,101,3015.922988
1.0,101,3015.922988
0.0,101,3015.922988
1.0,101,3015.922988
0.0,101,3015.922988
0.0,101,3015.922988
0.0,101,3015.922988
0.0,101,3015.922988
0.0,101,3015.922988
0.0,101,3015.922988
0.0,101,3015.922988
0.0,101,3015.922988
0.0,101,3015.922988
0.0,101,3015.923982
0.0,101,3015.923982
0.0,101,3015.923982
0.0,101,3015.923982
0.0,101,3015.923982
0.0,101,3015.923982
0.0,101,3015.923982
0.0,101,3015.923982
0.0,101,3015.923982
0.0,101,3015.923982
0.0,101,3015.923982
0.0,101,3015.923982
0.0,101,3015.923982
0.0,101,3015.923982
0.0,101,3015.923982
0.0,101,3015.923982
0.0,101,3054.766145
1.0,101,3054.766145
0.0,101,3054.767144
0.0,101,3054.767144
0.0,101,3054.767144
0.0,101,3054.767144
0.0,101,3054.767144
0.0,101,3054.767144
0.0,101,3054.767144
0.0,101,3054.767144
0.0,101,3054.767144
0.0,101,3054.767144
0.0,101,3054.767144
0.0,101,3054.767144
0.0,101,3054.767144
0.0,101,3054.767144
0.0,101,3054.767144
0.0,101,3054.767144
0.0,101,3054.767144
0.0,101,3054.767144
0.0,101,3054.767144
0.0,101,3054.767144
1.0,101,3054.767144
0.0,101,3054.767144
0.0,101,3054.767144
0.0,101,3054.767144
1.0,101,3054.767144
0.0,101,3054.767144
0.0,101,3054.767144
0.0,101,3054.767144
0.0,101,3054.767144
0.0,101,3054.767144
0.0,101,3092.865879
0.0,101,3092.865879
0.0,101,3092.865879
0.0,101,3092.865879
1.0,101,3092.865879
0.0,101,3092.865879
0.0,101,3092.865879
0.0,101,3092.865879
0.0,101,3092.865879
0.0,101,3092.865879
0.0,101,3092.865879
0.0,101,3092.865879
0.0,101,3092.865879
1.0,101,3092.865879
0.0,101,3092.865879
0.0,101,3092.865879
0.0,101,3092.865879
0.0,101,3092.865879
0.0,101,3092.865879
0.0,101,3092.865879
0.0,101,3092.865879
0.0,101,3092.865879
0.0,101,3092.865879
1.0,101,3092.865879
0.0,101,3092.865879
0.0,101,3092.865879
1.0,101,3092.865879
0.0,101,3092.865879
0.0,101,3092.865879
0.0,101,3092.865879
0.0,101,3092.865879
0.0,101,3092.865879
0.0,101,3131.352381
0.0,101,3131.352381
0.0,101,3131.352381
0.0,101,3131.352381
1.0,101,3131.352381
1.0,101,3131.353404
0.0,101,3131.353404
0.0,101,3131.353404
0.0,101,3131.353404
0.0,101,3131.353404
0.0,101,3131.353404
0.0,101,3131.353404
0.0,101,3131.353404
0.0,101,3131.353404
0.0,101,3131.353404
0.0,101,3131.353404
0.0,101,3131.353404
0.0,101,3131.353404
0.0,101,3131.353404
1.0,101,3131.353404
1.0,101,3131.353404
0.0,101,3131.353404
0.0,101,3131.353404
0.0,101,3131.353404
0.0,101,3131.353404
0.0,101,3131.353404
0.0,101,3131.353404
0.0,101,3131.353404
0.0,101,3131.353404
0.0,101,3131.353404
0.0,101,3131.353404
1.0,101,3131.353404
0.0,101,3169.32143
0.0,101,3169.32143
0.0,101,3169.32143
0.0,101,3169.32143
0.0,101,3169.32143
0.0,101,3169.32143
0.0,101,3169.32143
0.0,101,3169.32143
0.0,101,3169.32143
0.0,101,3169.32143
0.0,101,3169.32143
0.0,101,3169.32143
0.0,101,3169.32143
0.0,101,3169.32143
0.0,101,3169.32143
1.0,101,3169.32143
0.0,101,3169.32143
0.0,101,3169.32143
0.0,101,3169.32143
0.0,101,3169.32143
0.0,101,3169.32143
0.0,101,3169.32143
0.0,101,3169.322428
0.0,101,3169.322428
0.0,101,3169.322428
0.0,101,3169.322428
0.0,101,3169.322428
0.0,101,3169.322428
0.0,101,3169.322428
0.0,101,3169.322428
0.0,101,3169.322428
0.0,101,3169.322428
0.0,101,3207.230292
0.0,101,3207.230292
0.0,101,3207.230292
0.0,101,3207.230292
0.0,101,3207.230292
0.0,101,3207.230292
0.0,101,3207.230292
0.0,101,3207.230292
0.0,101,3207.230292
0.0,101,3207.230292
0.0,101,3207.230292
0.0,101,3207.230292
1.0,101,3207.230292
0.0,101,3207.230292
0.0,101,3207.230292
0.0,101,3207.230292
1.0,101,3207.230292
0.0,101,3207.230292
0.0,101,3207.230292
0.0,101,3207.230292
0.0,101,3207.230292
0.0,101,3207.230292
0.0,101,3207.230292
1.0,101,3207.230292
0.0,101,3207.230292
0.0,101,3207.230292
1.0,101,3207.231318
0.0,101,3207.231318
0.0,101,3207.231318
0.0,101,3207.231318
0.0,101,3207.231318
0.0,101,3207.231318
0.0,101,3245.217992
0.0,101,3245.217992
0.0,101,3245.217992
0.0,101,3245.217992
1.0,101,3245.218989
1.0,101,3245.218989
0.0,101,3245.218989
0.0,101,3245.218989
0.0,101,3245.218989
0.0,101,3245.218989
0.0,101,3245.218989
0.0,101,3245.218989
0.0,101,3245.218989
0.0,101,3245.218989
0.0,101,3245.218989
1.0,101,3245.218989
1.0,101,3245.218989
0.0,101,3245.218989
0.0,101,3245.218989
0.0,101,3245.218989
0.0,101,3245.218989
0.0,101,3245.218989
0.0,101,3245.218989
0.0,101,3245.218989
0.0,101,3245.218989
0.0,101,3245.218989
0.0,101,3245.218989
0.0,101,3245.218989
1.0,101,3245.218989
0.0,101,3245.218989
0.0,101,3245.218989
0.0,101,3245.218989
0.0,101,3287.329667
0.0,101,3287.329667
0.0,101,3287.329667
0.0,101,3287.329667
1.0,101,3287.329667
0.0,101,3287.329667
0.0,101,3287.329667
0.0,101,3287.329667
0.0,101,3287.329667
0.0,101,3287.329667
0.0,101,3287.329667
0.0,101,3287.329667
0.0,101,3287.329667
0.0,101,3287.329667
0.0,101,3287.329667
0.0,101,3287.329667
0.0,101,3287.329667
0.0,101,3287.329667
0.0,101,3287.329667
0.0,101,3287.329667
0.0,101,3287.329667
1.0,101,3287.329667
0.0,101,3287.329667
0.0,101,3287.329667
0.0,101,3287.329667
0.0,101,3287.329667
0.0,101,3287.329667
0.0,101,3287.329667
0.0,101,3287.329667
0.0,101,3287.329667
0.0,101,3287.329667
0.0,101,3287.329667
0.0,101,3326.206537
0.0,101,3326.206537
1.0,101,3326.206537
0.0,101,3326.206537
0.0,101,3326.206537
0.0,101,3326.206537
0.0,101,3326.206537
0.0,101,3326.207534
0.0,101,3326.207534
0.0,101,3326.207534
0.0,101,3326.207534
0.0,101,3326.207534
0.0,101,3326.207534
0.0,101,3326.207534
0.0,101,3326.207534
0.0,101,3326.207534
0.0,101,3326.207534
1.0,101,3326.207534
0.0,101,3326.207534
0.0,101,3326.207534
1.0,101,3326.207534
0.0,101,3326.207534
0.0,101,3326.207534
0.0,101,3326.207534
0.0,101,3326.207534
0.0,101,3326.207534
0.0,101,3326.207534
0.0,101,3326.207534
0.0,101,3326.207534
1.0,101,3326.207534
0.0,101,3326.207534
0.0,101,3326.207534
0.0,101,3364.434798
0.0,101,3364.434798
0.0,101,3364.434798
0.0,101,3364.434798
0.0,101,3364.434798
0.0,101,3364.434798
0.0,101,3364.434798
0.0,101,3364.434798
0.0,101,3364.434798
0.0,101,3364.434798
0.0,101,3364.434798
0.0,101,3364.434798
0.0,101,3364.434798
1.0,101,3364.434798
0.0,101,3364.435796
0.0,101,3364.435796
0.0,101,3364.435796
0.0,101,3364.435796
1.0,101,3364.435796
0.0,101,3364.435796
0.0,101,3364.435796
0.0,101,3364.435796
0.0,101,3364.435796
0.0,101,3364.435796
0.0,101,3364.435796
1.0,101,3364.435796
0.0,101,3364.435796
0.0,101,3364.435796
1.0,101,3364.435796
0.0,101,3364.435796
0.0,101,3364.435796
0.0,101,3364.435796
0.0,101,3403.136135
0.0,101,3403.136135
0.0,101,3403.136135
0.0,101,3403.136135
0.0,101,3403.136135
1.0,101,3403.136135
0.0,101,3403.136135
0.0,101,3403.136135
0.0,101,3403.136135
0.0,101,3403.136135
0.0,101,3403.136135
0.0,101,3403.136135
0.0,101,3403.136135
0.0,101,3403.136135
0.0,101,3403.136135
1.0,101,3403.136135
0.0,101,3403.136135
0.0,101,3403.136135
0.0,101,3403.136135
0.0,101,3403.136135
0.0,101,3403.136135
0.0,101,3403.136135
0.0,101,3403.13713
0.0,101,3403.13713
0.0,101,3403.13713
0.0,101,3403.13713
0.0,101,3403.13713
0.0,101,3403.13713
0.0,101,3403.13713
0.0,101,3403.13713
1.0,101,3403.13713
0.0,101,3403.13713
